source,text,created_at,retweet_count,favorite_count,is_retweet,id_str
Twitter for iPhone,Thank you Las Vegas Nevada- I love you! Departing for Greeley Colorado now. Get out &amp; VOTE! #ICYMI- watch here:‚Ä¶ https://t.co/uIloPRtEn9,10-30-2016 19:05:31,8325,22954,false,792804645542305792
Twitter for iPhone,See you tomorrow Michigan!Grand Rapids MI tomorrow at noon:https://t.co/xFPRNEPNZ5Warren MI tomorrow at 3pm:‚Ä¶ https://t.co/UHRTgS88B5,10-30-2016 17:58:52,7869,20476,false,792787872789045248
Twitter for Android,Wow Twitter Google and Facebook are burying the FBI criminal investigation of Clinton. Very dishonest media!,10-30-2016 14:26:30,35433,72013,false,792734426912337920
Twitter for Android,Hillary and the Dems loved and praised FBI Director Comey just a few days ago. Original evidence was overwhelming should not have delayed!,10-30-2016 14:04:06,19311,48647,false,792728791743291392
Twitter for Android,We are now leading in many polls and many of these were taken before the criminal investigation announcement on Friday - great in states!,10-30-2016 13:55:06,21013,64282,false,792726526127067136
Twitter for iPhone,Great day in Colorado &amp; Arizona. Will be in Nevada Colorado and New Mexico tomorrow - join me!Tickets:‚Ä¶ https://t.co/vMPTsLXsCT,10-30-2016 01:36:25,10770,26717,false,792540629548933120
Twitter for iPhone,THANK YOU Phoenix Arizona! Time for new POWERFUL leadership. Just imagine what WE can accomplish in our first 100‚Ä¶ https://t.co/gqZLLxcenk,10-30-2016 01:23:28,15279,38794,false,792537371291987968
Twitter for iPhone,So nice - great Americans outside Trump Tower right now. Thank you! https://t.co/34ATTgICTz,10-29-2016 20:02:16,23085,60515,false,792456539151806464
Twitter for iPhone,Departing Golden CO. for Arizona now - after an unbelievable rally. Watch here: https://t.co/zNzmWuZPiVOverflow: https://t.co/93L7JfdmXJ,10-29-2016 19:56:49,9680,26296,false,792455164615544832
Twitter for iPhone,#ObamacareFail https://t.co/iusXk4n9w7,10-29-2016 17:02:04,11196,20427,false,792411187547734016
Twitter for iPhone,Tomorrow!Las Vegas NV- 11a: https://t.co/KluudKImvnGreeley CO- 4p: https://t.co/JYimiIbqKBAlbuquerque NM- 7p: https://t.co/7SCol4vQlM,10-29-2016 16:54:54,6007,13884,false,792409386073202688
Twitter for Android,"@DeplorableCBTP: "In my mind #DonaldTrump is the only way out of this mess." - #PhilRobertson of TV's #DuckDynasty"   Thank you Phil!,10-29-2016 15:37:26,11676,30907,false,792389892298780672
Twitter for Android,I am in Colorado - big day planned - but nothing can be as big as yesterday!,10-29-2016 13:08:22,12505,42873,false,792352376828993538
Twitter for iPhone,Join me in Colorado at 12pm tomorrow - or Arizona at 3pm!TICKETS:Golden: https://t.co/Eix7SspO2ZPhoenix:‚Ä¶ https://t.co/pheYCksxq0,10-29-2016 04:11:17,8391,20190,false,792217215114342400
Twitter for iPhone,Thank you Maine New Hampshire and Iowa. The waiting is OVER! The time for change is NOW! We are going to‚Ä¶ https://t.co/HVPjw6qeQ2,10-29-2016 04:04:25,13020,33780,false,792215485941186560
Twitter for Android,"@piersmorgan: BOMBSHELL: FBI reopening its investigation into HillaryClinton's email server after new discovery!,10-29-2016 01:30:55,15319,42330,false,792176856086622208
Twitter for Android,Just landed in Iowa - speaking soon!,10-29-2016 01:28:46,6283,25021,false,792176315478609920
Twitter for iPhone,We must not let #CrookedHillary take her CRIMINAL SCHEME into the Oval Office. #DrainTheSwamp https://t.co/GtPkj4xIz6,10-28-2016 19:20:22,26231,54473,false,792083605405171712
Twitter for iPhone,Just out: Neera Tanden Hillary Clinton adviser said ‚ÄúIsrael is depressing.‚Äù I think Israel is inspiring!,10-28-2016 17:24:08,15267,37860,false,792054354991800320
Twitter for iPhone,RT @DRUDGE_REPORT: WSJ:  The Cold Clinton Reality... https://t.co/udWj5mXcA6,10-28-2016 17:23:39,4423,0,true,792054233721864193
Twitter for Android,Heading to New Hampshire. Will be talking about the disaster known as ObamaCare!,10-28-2016 17:04:59,7680,25567,false,792049535195439104
Twitter for iPhone,If my people said the things about me that Podesta &amp; Hillary's people said about her I would fire them out of self respect. "Bad instincts",10-28-2016 15:53:19,17761,48926,false,792031499075944448
Twitter for iPhone,Join me tonight in Cedar Rapids Iowa at 7pm: https://t.co/QWaEJpR79nPhoenix Arizona tomorrow night at 3pm: https://t.co/0LjE9qbNLh,10-28-2016 15:39:01,5619,14155,false,792027901126406144
Twitter for Android,"@Jmoschetti1363: @Johnatsrs1949 FBI must be outraged that their hands r tied she has no regard or t secret service FBI or (Dallas)police",10-28-2016 15:27:05,8152,19933,false,792024896616407040
Twitter for iPhone,RT @DRUDGE_REPORT: WSJ:  Grifters-in-Chief...  https://t.co/mPFocMuBgu,10-28-2016 14:48:59,3499,0,true,792015309058310145
Twitter for iPhone,Thank you Geneva Ohio. If I am elected President I am going to keep RADICAL ISLAMIC TERRORISTS OUT of our countr‚Ä¶ https://t.co/a7t5QN2iqW,10-28-2016 01:47:08,16793,42623,false,791818552600821761
Twitter for iPhone,Join @TeamTrump on Facebook &amp; watch tonight's rally from Geneva Ohio- our 3rd rally of the day. #AmericaFirst #MAGA https://t.co/ZqJmf4QcwH,10-28-2016 00:14:46,6330,16056,false,791795308162408448
Twitter for iPad,Crooked Hillary launched her political career by letting terrorists off the hook. #DrainTheSwamp‚Ä¶ https://t.co/BLMkZQ8svK,10-27-2016 22:37:22,16465,27431,false,791770795165057025
Twitter for Android,"@KeithRowland: People in Arizona just got a taste of Obamacare with a 116% increase in premiums. @realDonaldTrump" Repeal and replace!,10-27-2016 22:27:20,14782,29125,false,791768269615169538
Twitter for Android,I will be interviewed on @oreillyfactor tonight at 8:00 P.M. Enjoy!,10-27-2016 22:23:56,5894,18555,false,791767413465419777
Twitter for iPhone,I delivered a speech in Charlotte North Carolina yesterday. I appreciate all of the feedback &amp; support. Lets #MAGA‚Ä¶ https://t.co/aI2HtiRUzr,10-27-2016 22:05:00,13708,29548,false,791762650195632128
Twitter for iPhone,Join me live in Toledo Ohio. Time to #DrainTheSwamp &amp; #MAGA!https://t.co/NU39Mmlh1T,10-27-2016 21:07:48,4459,12942,false,791748254991912960
Twitter for iPhone,Join me in Cedar Rapids Iowa tomorrow at 7:00pm! #MAGAhttps://t.co/QWaEJpzvKN https://t.co/CniHGkjp0v,10-27-2016 21:02:09,5054,12970,false,791746832686682112
Twitter for iPhone,#ICYMI: I agree- To all Americans I see you &amp; I hear you. I am your voice. Vote to #DrainTheSwamp with me on 11/8.‚Ä¶ https://t.co/P2edj2MoXy,10-27-2016 20:27:44,15037,31379,false,791738173462310912
Twitter for iPhone,Thank you Springfield Ohio. Get out and #VoteTrumpPence16!#ICYMI - watch here: https://t.co/dEoXV6oS3b‚Ä¶ https://t.co/RNgCUUqO4X,10-27-2016 19:26:05,7306,17323,false,791722658358439936
Twitter for iPhone,Join me live in Springfield Ohio!https://t.co/LREA7WRmOx,10-27-2016 17:45:20,4454,12618,false,791697302519947264
Twitter for iPhone,Inside ‚ÄòBill Clinton Inc.‚Äô: Hacked memo reveals intersection of charity and personal income. #DrainTheSwamp!https://t.co/UfDVzeSDfd,10-27-2016 14:49:59,13148,21471,false,791653174994202624
Twitter for iPhone,JOIN ME! #MAGATODAY:Springfield OH Toledo OH Geneva OH FRIDAY:Manchester NH Lisbon ME Cedar Rapids IAhttps://t.co/kv624y9UOm,10-27-2016 14:44:46,7231,17528,false,791651860889427968
Twitter for iPhone,I agree @MMFlint- To all Americans I see you &amp; I hear you. I am your voice. Vote to #DrainTheSwamp w/ me on 11/8. https://t.co/D7nBwkogBb,10-27-2016 14:32:59,11854,24562,false,791648893725450240
Twitter for iPhone,"Clinton Foundation‚Äôs Fundraisers Pressed Donors to Steer Business to Former President"https://t.co/PlFILR6JCn,10-27-2016 14:12:42,9239,15416,false,791643789609865216
Twitter for iPhone,Ron Fournier: "Clinton Used Secret Server To Protect #CircleOfEnrichment‚Äùhttps://t.co/4OGP3tPxyp,10-27-2016 14:10:38,8579,15000,false,791643269109350400
Twitter for iPhone,'WikiLeaks Drip-Drop Releases Prove One Thing: There's No Nov. 8 Deadline on Clinton's Dishonesty and Scandals'https://t.co/MfRy3Nvd4F,10-27-2016 14:08:15,12505,23293,false,791642669256769536
Twitter for Android,A lot of call-ins about vote flipping at the voting booths in Texas. People are not happy. BIG lines. What is going on?,10-27-2016 13:01:12,19800,40090,false,791625798792974336
Twitter for iPhone,Obamacare is a disaster. We must REPEAL &amp; REPLACE. Tired of the lies and want to #DrainTheSwamp? Get out &amp; VOTE‚Ä¶ https://t.co/jOelj829Pg,10-27-2016 12:17:57,14764,30570,false,791614912833449984
Twitter for iPhone,RT @EricTrump: Tune into @GMA right now to catch a great interview with my father &amp; the entire family! üá∫üá∏ #VoteTrumpPence16 https://t.co/Sa‚Ä¶,10-27-2016 12:16:35,5343,0,true,791614568275570688
Twitter for iPhone,Beautiful evening in Kinston North Carolina - thank you! Get out and VOTE!! You can watch tonight's rally here:‚Ä¶ https://t.co/x7wtERl55d,10-27-2016 01:57:51,9906,25510,false,791458860930392065
Twitter for iPhone,Thank you Charlotte North Carolina. Great afternoon! #ICYMI - I delivered a speech on urban renewal. Full speech:‚Ä¶ https://t.co/ga6DQZrIR0,10-27-2016 01:52:45,10702,26373,false,791457576030535680
Twitter for iPad,Hillary said she was under sniper fire (while surrounded by USSS.) Turned out to be a total lie. She is not fit to‚Ä¶ https://t.co/hBIrGj21l6,10-26-2016 21:59:15,36861,69489,false,791398814049456128
Twitter for iPhone,JOIN ME IN OHIO TOMORROW!Springfield-1pm:https://t.co/YcbpSigtvaToledo-4pm:https://t.co/BOJH0l1CZzGeneva-7pm‚Ä¶ https://t.co/7qbIRel33u,10-26-2016 18:49:49,8265,17845,false,791351142760321024
Twitter for Android,REPEAL AND REPLACE OBAMACARE!,10-26-2016 11:02:53,19861,54161,false,791233632593739776
Twitter for iPhone,Thank you Tallahassee Florida! A beautiful evening with the MOVEMENT! Get out &amp; VOTE!#ICYMI- watch here: https://t.co/GDKhwrCa9R,10-25-2016 23:31:58,9849,25338,false,791059759663288321
Twitter for iPhone,Thank you Sanford Florida. Get out &amp; VOTE #TrumpPence16! #ICYMI- watch this afternoons rally here:‚Ä¶ https://t.co/zVXrScClfd,10-25-2016 22:28:43,10167,24738,false,791043842124439552
Twitter for iPhone,REPEAL AND REPLACE!!! #ObamaCareInThreeWords,10-25-2016 22:01:50,16697,38530,false,791037075030179840
Twitter for iPhone,I have met &amp; spent a lot of time with families @ The Remembrance Project. I will fight for them everyday!‚Ä¶ https://t.co/Ot6vQGqVW0,10-25-2016 21:54:05,12475,27469,false,791035128176844800
Twitter for iPhone,Get your ballots in Colorado - I will see you soon -- and we will win!#MakeAmericaGreatAgain https://t.co/oDLvZg7MLk,10-25-2016 21:36:51,8890,22353,false,791030789001605126
Twitter for iPhone,'Obama Warned Of Rigged Elections In 2008.' Time to #DrainTheSwamphttps://t.co/AkczH8l0FJ https://t.co/7mIkwAHTuV,10-25-2016 21:03:40,15680,25680,false,791022438486343680
Twitter for iPhone,Obamacare is a disaster. Rates going through the sky - ready to explode. I will fix it. Hillary can't!#ObamacareFailed,10-25-2016 20:43:45,13020,32629,false,791017424426504192
Twitter for iPhone,Truly honored to receive the first ever presidential endorsement from the Bay of Pigs Veterans Association. #MAGA‚Ä¶ https://t.co/aRdlFkVjAx,10-25-2016 18:27:06,19790,49003,false,790983039056769024
Twitter for iPhone,Obamacare is a disaster - as I've been saying from the beginning. Time to repeal &amp; replace! #ObamacareFail https://t.co/5CvoMbVceT,10-25-2016 16:20:43,17024,31293,false,790951230906458113
Twitter for iPhone,#ObamacareFail https://t.co/90Aixp25Oc,10-25-2016 16:10:59,11896,20880,false,790948782288596992
Twitter for iPhone,Obamacare is a disaster! Time to repeal &amp; replace! #ObamacareFail https://t.co/xDPhVczf1g,10-25-2016 15:22:35,7873,17104,false,790936603590033408
Twitter for iPhone,#ObamacareFail https://t.co/5Zvsys8j5w,10-25-2016 15:21:37,7069,14513,false,790936360953716736
Twitter for iPhone,#ObamacareFail https://t.co/Mb0YW1rg6g,10-25-2016 15:20:18,12416,23025,false,790936027871477764
Twitter for iPhone,Get out and vote! I am your voice and I will fight for you! We will make America great again! https://t.co/XXvLRlhSaz,10-25-2016 14:44:51,13016,27874,false,790927104921767940
Twitter for iPhone,Key Obamacare premiums to jump 25% next year:https://t.co/TCdHEdPQDG,10-25-2016 14:39:09,8167,14285,false,790925669937123328
Twitter for iPhone,#Obamacare premiums are about to SKYROCKET --- again. Crooked H will only make it worse. We will repeal &amp; replace! https://t.co/fY1REYV4rK,10-25-2016 14:33:57,9260,17542,false,790924363348541445
Twitter for iPhone,As election looms some bad news for Clinton Democrats:https://t.co/7aWWVQPjTo,10-25-2016 14:31:19,8356,15699,false,790923701193768960
Twitter for iPhone,Record crowd in Tampa Florida- thank you! We will WIN FLORIDA #DrainTheSwamp in Washington D.C. and MAKE AMERICA‚Ä¶ https://t.co/IpSUYnXcp6,10-25-2016 01:43:26,15309,34493,false,790730455129714688
Twitter for iPhone,Thank you Bobby Bowden for the intro tonight and your support! I hope I can do as well for Florida as you have done! https://t.co/Vx5iltoaXj,10-25-2016 01:27:16,15742,37822,false,790726388978515968
Twitter for iPhone,My contract with the American voter will restore honesty accountability &amp; CHANGE to Washington! #DrainTheSwamp https://t.co/sbVwctT1Sj,10-25-2016 00:33:07,21582,40562,false,790712761407926272
Twitter for iPhone,Peter Navarro: 'Trump the Bull vs. Clinton the Bear' #DrainTheSwamp https://t.co/mQRkfMG80j,10-24-2016 21:52:36,6183,13641,false,790672365466316800
Twitter for iPhone,'Democratic operative caught on camera: Hillary PERSONALLY ordered 'Donald Duck' troll campaign that broke the law'https://t.co/sTreHAfYUH,10-24-2016 21:50:25,19468,29788,false,790671814276083712
Twitter for iPhone,Join me tomorrow in Sanford or Tallahassee Florida!Sanford at 3pm:https://t.co/PZENw9KhegTallahassee at 6pm:https://t.co/WKI69e1bqD,10-24-2016 21:15:23,5926,13806,false,790662999841333249
Twitter for iPhone,THANK YOU St. Augustine Florida! Get out and VOTE! Join the MOVEMENT - and lets #DrainTheSwamp! Off to Tampa now!‚Ä¶ https://t.co/zgwqhy2jBX,10-24-2016 20:39:38,11985,29981,false,790654003981918208
Twitter for iPhone,Join me LIVE on my Facebook page in St. Augustine Florida! Lets #DrainTheSwamp &amp; MAKE AMERICA GREAT AGAIN!‚Ä¶ https://t.co/mPzVrcaR9L,10-24-2016 19:01:18,5396,13803,false,790629257546379264
Twitter for iPhone,Honored to receive an endorsement from @SJSOPIO - thank you! Together we are going to MAKE AMERICA SAFE &amp; GREAT AG‚Ä¶ https://t.co/PSTcOei5t1,10-24-2016 18:30:43,10048,23274,false,790621559920615424
Twitter for iPhone,'Hillary Clinton Had Gun Control Supporters Planted In Town Hall Audience' https://t.co/1GVq74iW8a,10-24-2016 16:37:58,11458,18616,false,790593186787840000
Twitter for iPhone,Leaving West Palm Beach Florida now - heading to St. Augustine for a 3pm rally. Will be in Tampa at 7pm - join me:‚Ä¶ https://t.co/eLunEQRxZq,10-24-2016 16:35:59,7662,20044,false,790592685144846336
Twitter for iPhone,'The Clinton Foundation‚Äôs Most Questionable Foreign Donations'#PayToPlay #DrainTheSwamphttps://t.co/IkeqMRjX5z,10-24-2016 16:04:52,10189,16778,false,790584855150997504
Twitter for iPhone,Departing Farmers Round Table in Boynton Beach Florida. Get out &amp; VOTE- lets #MAGA! EARLY VOTING BY FL. COUNTY:‚Ä¶ https://t.co/MgJxNbxRga,10-24-2016 15:55:44,6703,16155,false,790582555871326208
Twitter for iPhone,Get out to VOTE on 11/8/2016- and we will #DrainTheSwamp!RASMUSSEN NATIONAL Trump 43%Clinton 41% https://t.co/jIOR7Bq816,10-24-2016 14:46:16,15004,31769,false,790565076159922177
Twitter for iPhone,We are winning and the press is refusing to report it. Don't let them fool you- get out and vote! #DrainTheSwamp on November 8th!,10-24-2016 14:17:35,22715,49295,false,790557856806371328
Twitter for iPhone,Why has nobody asked Kaine about the horrible views emanated on WikiLeaks about Catholics? Media in the tank for Clinton but Trump will win!,10-24-2016 13:05:36,14772,37266,false,790539740118446080
Twitter for Android,Major story that the Dems are making up phony polls in order to suppress the the Trump . We are going to WIN!,10-24-2016 12:44:29,18966,44833,false,790534428942622721
Twitter for Android,Wow just came out on secret tape that Crooked Hillary wants to take in as many Syrians as possible. We cannot let this happen - ISIS!,10-24-2016 12:00:02,25812,54253,false,790523240351498241
Twitter for iPhone,'Clinton Ally Aided Campaign of FBI Official‚Äôs Wife' https://t.co/U0w99gfyKE,10-24-2016 02:25:05,12972,20245,false,790378549395988480
Twitter for iPhone,'Clinton Charity Got Up To $56 Million From Nations That Are Anti-Women Gays' #CrookedHillaryhttps://t.co/eHsuBdi8XM,10-24-2016 00:07:47,16967,24992,false,790343997814403072
Twitter for iPhone,Thank you Naples Florida! Get out and VOTE #TrumpPence16 on 11/8. Lets #MakeAmericaGreatAgain! Full Naples rally‚Ä¶ https://t.co/5ZbteSJ00K,10-24-2016 00:05:36,11078,26357,false,790343447987314692
Twitter for Android,The attack on Mosul is turning out to be a total disaster. We gave them months of notice. U.S. is looking so dumb. VOTE TRUMP and WIN AGAIN!,10-23-2016 23:40:14,16269,41150,false,790337063489040384
Twitter for iPhone,#CrookedHillary #PayToPlay https://t.co/BT1Nv0ZMYg,10-23-2016 19:08:42,16321,27190,false,790268732354461696
Twitter for iPhone,Join me in Naples Florida this evening at 6:00pm! Tickets: https://t.co/Oax06JVzv1 https://t.co/g9LBxI1dJ8,10-23-2016 17:56:43,6349,17147,false,790250615398133760
Twitter for iPhone,Remember - get out on November 8th &amp; VOTE #TrumpPence16. It is time to #DrainTheSwamp -- this is our last chance! https://t.co/bnGcJUt7UL,10-23-2016 16:34:32,11424,24085,false,790229932341354496
Twitter for iPhone,Former Prosecutor: The Clintons Are So Corrupt Everything ‚ÄòThey Touch Turns To Molten Lead‚Äô https://t.co/5Eyfi092vn,10-23-2016 16:30:03,11903,22537,false,790228805986217985
Twitter for iPhone,Thank you Las Vegas Review Journal! EDITORIAL: 'Donald Trump for president' https://t.co/uH5GH7Bhe0 via @reviewjournal,10-23-2016 16:23:50,9191,19939,false,790227242500644864
Twitter for Android,Well Iran has done it again. Taken two of our people and asking for a fortune for their release. This doesn't happen if I'm president!,10-23-2016 14:04:01,25671,59126,false,790192053489729538
Twitter for Android,"If you can't run your own house you certainly can't run the White House" A statement made by Mrs. Obama about Crooked Hillary Clinton,10-23-2016 12:53:51,25716,58853,false,790174395985788929
Twitter for iPhone,Thank you for the massive turnout tonight- Cleveland Ohio! Get out &amp; VOTE #TrumpPence16 on 11/8.Watch rally here:‚Ä¶ https://t.co/XuJZeJwSGk,10-23-2016 03:00:32,14505,35965,false,790025084870287360
Twitter for iPhone,WikiLeaks: 'Clinton-Kaine Even Lied About Timing of Veep Pick'https://t.co/e1NVdpSfNr,10-23-2016 02:26:32,12215,21351,false,790016528011890688
Twitter for iPhone,'Trump lays out policies for first 100 days in White House'https://t.co/OrwOIFJuSz,10-23-2016 02:21:32,11983,25273,false,790015269074792448
Twitter for iPhone,'Huma Abedin told Clinton her secret email account caused problems'https://t.co/i4zN2QzKnf,10-23-2016 02:05:01,11734,19967,false,790011110984445952
Twitter for iPhone,Just arrived in Cleveland Ohio- join Governor @Mike_Pence and I now LIVE via: https://t.co/SS58ChFTNy,10-22-2016 23:08:25,6387,17045,false,789966670630715394
Twitter for iPhone,Hillary Clinton: 'Architect of failure'#DrainTheSwamp #CrookedHillaryhttps://t.co/b5HqsGrc7N,10-22-2016 21:34:44,10278,19786,false,789943092564652032
Twitter for iPhone,Unbelievable crowd of supporters in Virginia Beach Virginia. Thank you! Next stop - Cleveland Ohio.‚Ä¶ https://t.co/CN3sdX5ft1,10-22-2016 21:09:56,9585,25396,false,789936850051932161
Twitter for iPhone,In order to #DrainTheSwamp &amp; create a new GOVERNMENT of by &amp; for the PEOPLE I need your VOTE! Go to https://t.co/HfihPERFgZ- LET'S #MAGA!,10-22-2016 19:54:40,12312,26379,false,789917911821520898
Twitter for iPhone,Today I introduced my Contract with the American Voter - our economy will be STRONG &amp; our people will be SAFE.‚Ä¶ https://t.co/Sa6XUfueU4,10-22-2016 18:40:31,14916,32323,false,789899250834534400
Twitter for iPhone,Change has to come from outside our very broken system. #MAGA https://t.co/OH9Lvo3R7K,10-22-2016 18:18:43,14051,32198,false,789893765397897216
Twitter for iPhone,Crooked Hillary Clinton Tops Middle East Forum‚Äôs ‚ÄòIslamist Money List'https://t.co/JC25rNtx6G,10-22-2016 17:54:11,9788,16993,false,789887588178006017
Twitter for iPhone,Thank you Gettysburg Pennsylvania! #DrainTheSwamp https://t.co/jWgLcxDji7,10-22-2016 17:49:56,9831,23079,false,789886518303330304
Twitter for iPhone,Landing in Pennsylvania now. Great new poll this morning thank you. Lets #DrainTheSwamp and #MakeAmericaGreatAgain‚Ä¶ https://t.co/BV2RFavG84,10-22-2016 14:20:56,15019,35331,false,789833922590957568
Twitter for iPhone,Will be in Cleveland Ohio w/ @mike_pence tonight- join us: https://t.co/hre7FofPxQNaples Florida-tomorrow @ 6pm: https://t.co/Oax06JVzv1,10-22-2016 14:01:18,5916,15035,false,789828981197602816
Twitter for Android,"@AZTRUMPTRAIN: I #Voted for DonaldTrump! #Arizona ‚òâ #Economy #Immigration #Jobs #Veterans #BorderControl #Trade‚Ä¶ https://t.co/0BJk9BwkfW",10-22-2016 11:37:58,6108,15610,false,789792909969195009
Twitter for Android,"@jensen4law: Best way to pay Hillary back for what she did to @BernieSanders #DNCleak is a DonaldTrump LANDSLIDE https://t.co/Ha8o5wCyGh",10-22-2016 11:35:18,14093,25404,false,789792240390533124
Twitter for Android,The media refuses to talk about the three new national polls that have me in first place. Biggest crowds ever - watch what happens!,10-22-2016 03:33:54,23733,63178,false,789671091182632960
Twitter for Android,Just returned from Pennsylvania where we will be bringing back their jobs. Amazing crowd. Will be going back tomorrow to Gettysburg!,10-22-2016 03:23:34,11104,36589,false,789668492480016384
Twitter for iPhone,Governor @Mike_Pence and I will be in Cleveland Ohio tomorrow night at 7pm - join us! #MAGATickets:‚Ä¶ https://t.co/kfJv5Po0x6,10-22-2016 02:41:07,8395,21553,false,789657808052621313
Twitter for iPhone,Thank you to the great crowd of supporters in Newtown Pennsylvania. Get out &amp; VOTE on 11/8/16. Lets #MAGA! Watch:‚Ä¶ https://t.co/eb6XuMlbFW,10-22-2016 00:58:02,9518,22462,false,789631866714386432
Twitter for iPhone,#CrookedHillary sending U.S. intelligence info. to Podesta‚Äôs hacked email is ‚Äòunquestionably an OPSEC violation‚Äô https://t.co/z58aeo4CO7,10-21-2016 22:50:00,12065,21003,false,789599646821806085
Twitter for iPhone,WikiLeaks reveals Clinton camp‚Äôs work with ‚ÄòVERY friendly and malleable reporters‚Äô #DrainTheSwamp #CrookedHillaryhttps://t.co/bcYLslrxi0,10-21-2016 22:46:37,9435,17268,false,789598795315150853
Twitter for iPhone,Donna Brazile Shreds Obama Economy - Acting DNC chair says 'people are more in despair about how things are' https://t.co/LQNbISSoX0,10-21-2016 22:36:04,11455,20842,false,789596138462650372
Twitter for iPhone,"{Crooked Hillary Clinton} created this mess and she knows it." #DrainTheSwamp https://t.co/3cBNYjl5CD https://t.co/sjwkuq3nkk,10-21-2016 22:30:14,11479,19719,false,789594671387447297
Twitter for iPhone,'Clinton Campaign And Harry Reid Worked With New York Times To Smear State Dept Watchdog'Time to #DrainTheSwamp! https://t.co/0VDdGdpCTg,10-21-2016 22:14:47,9734,16890,false,789590785733918721
Twitter for iPhone,VERY IRONIC: "In 2010 video Clinton lectured underlings on cybersecurity and guarding ‚Äòsensitive information‚Äô" https://t.co/dL7VDMqSLy,10-21-2016 22:10:57,11456,20788,false,789589818581848064
Twitter for iPhone,Great crowd in Johnstown Pennsylvania- thank you. Get out &amp; VOTE on 11/8! Watch the MOVEMENT in PA. this afternoon‚Ä¶ https://t.co/DUMlbSkVeY,10-21-2016 21:07:54,10485,24316,false,789573953144680448
Twitter for iPhone,A top Clinton Foundation official said he could name ‚Äú500 different examples‚Äù of conflicts of interest. https://t.co/rtWhdYOyq7,10-21-2016 18:58:20,11985,20617,false,789541345216036864
Twitter for iPhone,#CrookedHillary ‚Äúwas at center of negotiating $12M commitment from King Mohammed VI of Morocco‚Äù to Clinton Fdn. https://t.co/HWOQ7jQWY2,10-21-2016 18:54:00,12036,19470,false,789540253791059974
Twitter for iPhone,Great crowd in Fletcher North Carolina- thank you! Heading to Johnstown Pennsylvania now! Get out on November 8th‚Ä¶ https://t.co/IG5KhKIz3W,10-21-2016 17:43:39,10064,26027,false,789522551462428672
Twitter for Android,The results are in on the final debate and it is almost unanimous I WON! Thank you these are very exciting times.,10-21-2016 17:34:35,16793,56475,false,789520268972601344
Twitter for iPhone,Huma calls it a "MESS" the rest of us call it CORRUPT! WikiLeaks catches Crooked in the act - again.#DrainTheSwamp https://t.co/juvdLIJPWu,10-21-2016 15:23:39,14921,25083,false,789487320290430976
Twitter for iPhone,Hillary &amp; Obama's Broken Promises. #RepealObamacare https://t.co/oz24r2xW7G,10-20-2016 22:08:15,13418,24843,false,789226753831075841
Twitter for iPhone,In addition to those without health coverage- those that have disastrous #Obamacare are seeing MASSIVE PREMIUM INCR‚Ä¶ https://t.co/J7ldXmUmJm,10-20-2016 21:59:48,11349,24177,false,789224624320028672
Twitter Web Client,When Obama took office in 2009 employer-provided premiums cost $13375. Today they are $18142. Thanks Obama.,10-20-2016 20:52:15,8819,18083,false,789207626143834112
Twitter for iPhone,Crooked Hillary promised 200k jobs in NY and FAILED. We'll create 25M jobs when I'm president and I will DELIVER! https://t.co/NgyCkEH7Xn,10-20-2016 20:30:01,12210,24708,false,789202030493634560
Twitter for iPhone,Crooked took MILLIONS from oppressive ME countries. Will she give the $$$ back? Probably not. Don't forget her slog‚Ä¶ https://t.co/esLgql0Gg8,10-20-2016 20:26:01,12498,23724,false,789201022442962944
Twitter for iPhone,'Trump won the third debate'https://t.co/Wh52fyLNRz,10-20-2016 20:06:18,10714,26332,false,789196063819390976
Twitter for iPhone,UPCOMING RALLIES - JOIN ME!TOMORROWFletcher NC @ 12pm. https://t.co/uASvA4Gd4rSATURDAYCleveland OH @ 7pm. https://t.co/hre7Foxqpo,10-20-2016 19:51:59,5734,13010,false,789192459179790337
Twitter for iPhone,#ICYMI - OHIO RALLY!Watch here: https://t.co/0qAjfOcu6Y https://t.co/fpShHiXI31,10-20-2016 19:51:39,5141,13307,false,789192376002551810
Twitter for iPhone,On behalf of the entire family we would truly be honored to have your vote! Let's #MakeAmericaGreatAgain #EarlyVote https://t.co/tv7ihuvmfS,10-20-2016 19:27:22,24933,56726,false,789186263953715202
Twitter for iPhone,Want access to Crooked Hillary? Don't forget - it's going to cost you!#DrainTheSwamp #PayToPlay https://t.co/qjMBZkEnK9,10-20-2016 18:25:34,15249,29375,false,789170710270742528
Twitter for iPhone,Thank you Delaware County Ohio! Remember- either we WIN this election or we are going to LOSE this country!‚Ä¶ https://t.co/ntDRTzYOqi,10-20-2016 17:33:10,11120,27050,false,789157526378012672
Twitter for iPhone,If elected POTUS - I will stop RADICAL ISLAMIC TERRORISM in this country! In order to do this we need to‚Ä¶ https://t.co/45Vyk6z18m,10-20-2016 15:52:38,16317,38250,false,789132223479947264
Twitter for Android,Why didn't Hillary Clinton announce that she was inappropriately given the debate questions - she secretly used them! Crooked Hillary.,10-20-2016 14:55:50,19469,50126,false,789117930801926148
Twitter for iPhone,Thank you America! #MAGARasmussen National PollDonald Trump 43%Hillary Clinton 40% https://t.co/n4eZ3qpcjg,10-20-2016 13:27:41,20131,43996,false,789095747635572736
Twitter for iPhone,Just landed in Ohio. Thank you America- I am honored to win the final debate for our MOVEMENT. It is time to‚Ä¶ https://t.co/ivdjRzL6wZ,10-20-2016 07:14:05,19190,44828,false,789001728632946688
Twitter for iPhone,Totally dishonest Donna Brazile chokes on the truth. Highly illegal! Watch: https://t.co/Rs5brj31bA https://t.co/FYoRo6MUjX,10-20-2016 04:27:27,17596,34939,false,788959791179767808
Twitter for iPhone,The Washington Times Presidential Debate Poll:TRUMP 77% (18290)CLINTON 17% (4100)#DrainTheSwamp #Debate https://t.co/wsgsf5nv6H,10-20-2016 04:18:06,21112,44541,false,788957439542587392
Twitter for iPhone,Join the MOVEMENT to #MAGA!https://t.co/3KWOl2ibaW https://t.co/V84qfN4oz1,10-20-2016 04:10:06,9072,19870,false,788955427975393281
Twitter for iPhone,Great poll - thank you America! Once we #DrainTheSwamp together we will #MAGAüá∫üá∏#Debate https://t.co/SvcjmrsHKD,10-20-2016 04:06:44,15121,36222,false,788954581346779136
Twitter for Android,That was really exciting. Made all of my points. MAKE AMERICA GREAT AGAIN!,10-20-2016 02:59:26,22263,71554,false,788937644642213888
Twitter for iPhone,Join my team over on my Facebook page- live now! #Debateshttps://t.co/vpDVQfO58A https://t.co/5v1tWzHrxq,10-20-2016 02:51:39,4598,12730,false,788935685088477185
Twitter for iPhone,The era of division is coming to an end. We will create a new future of #AmericanUnity. First we need to‚Ä¶ https://t.co/mZUFP24Bgh,10-20-2016 02:47:21,10035,24187,false,788934601506889728
Twitter Web Client,We cannot take four more years of Barack Obama and that‚Äôs what you‚Äôll get if you vote for Hillary. #BigLeagueTruth,10-20-2016 02:40:23,18662,45970,false,788932848317116416
Twitter Web Client,I started this campaign to Make America Great Again. That‚Äôs what I‚Äôm going to do. #MAGA #debate,10-20-2016 02:39:25,14363,36460,false,788932604460347392
Twitter for iPhone,HILLARY'S HEALTH CARE POLICIES#DrainTheSwamp #Debate https://t.co/t1Sr8dk2Xi,10-20-2016 02:34:01,7251,15871,false,788931248672563200
Twitter for iPhone,We have to repeal &amp; replace #Obamacare! Look at what is doing to people! #DrainTheSwamp https://t.co/fsv7P11mWV,10-20-2016 02:32:57,15216,25033,false,788930977301090304
Twitter Web Client,.@realDonaldTrump is going to cut taxes BIG LEAGUE -- Crooked is going to raise taxes BIG LEAGUE! #DrainTheSwamp‚Ä¶ https://t.co/41X9Qjy0RJ,10-20-2016 02:32:37,5104,11316,false,788930895600160769
Twitter Web Client,ISIS has infiltrated countries all over Europe by posing as refugees and @HillaryClinton will allow it to happen h‚Ä¶ https://t.co/MmeW2qsTQh,10-20-2016 02:31:45,16130,33722,false,788930678255517696
Twitter for iPhone,The economy cannot take four more years of these same failed policies.#BigLeagueTruth #DrainTheSwamp https://t.co/o8g2E5xXy6,10-20-2016 02:31:07,7785,16178,false,788930515520724992
Twitter for iPhone,Together we can save American JOBS American LIVES and AMERICAN FUTURES! #Debates https://t.co/2Yfd0Omn4X,10-20-2016 02:29:29,6793,15444,false,788930105976299521
Twitter Web Client,USA has the greatest business people in the world but we let political hacks negotiate our deals. We need change! #BigLeagueTruth #Debate,10-20-2016 02:28:17,8326,21106,false,788929804351385600
Twitter for iPhone,I WILL DEFEAT ISIS. THEY HAVE BEEN AROUND TOO LONG! What has our leadership been doing?#DrainTheSwamp https://t.co/tU0iW3Gi9v,10-20-2016 02:27:31,6493,14177,false,788929609458823168
Twitter Web Client,After Crooked @HillaryClinton allowed ISIS to rise she now claims she'll defeat them? LAUGHABLE! Here's my plan: https://t.co/FzRMObNQVn,10-20-2016 02:26:24,7114,15184,false,788929328696348674
Twitter Web Client,What They Are Saying About @realDonaldTrump's GREAT Debate and @HillaryClinton's Bad Performance‚Ä¶ https://t.co/1O86a49vJZ,10-20-2016 02:24:44,3218,7661,false,788928912000622592
Twitter Web Client,"Her instincts are suboptimal."https://t.co/PRCHvRtPVA,10-20-2016 02:22:13,2930,7171,false,788928278795055105
Twitter Web Client,I opposed going into Iraq. Hillary voted for it. As with everything else she's supported it was a DISASTER. https://t.co/Um5WJXWfBZ,10-20-2016 02:21:32,6523,14149,false,788928106950070272
Twitter for iPhone,#BigLeagueTruth #DrainTheSwamp https://t.co/eoBiXFPc5f,10-20-2016 02:21:19,4212,9335,false,788928050008207360
Twitter Web Client,Bernie Sanders on HRC: Bad Judgement. John Podesta on HRC: Bad Instincts. #BigLeagueTruth #Debate,10-20-2016 02:19:22,6272,14918,false,788927558288969729
Twitter for iPhone,HILLARY FAILED ALL OVER THE WORLD. #BigLeagueTruth  ‚ùåLIBYA‚ùåSYRIA‚ùåIRAN‚ùåIRAQ‚ùåASIA PIVOT‚ùåRUSSIAN RESET‚ùåBENGHAZI‚Ä¶ https://t.co/H1UH0svtt2,10-20-2016 02:16:25,11502,20970,false,788926818162139136
Twitter for iPhone,Hillary says "take back Mosul?" We would have NEVER lost Mosul- if it wasn't for #CrookedHillary. #DrainTheSwamp https://t.co/TmsY0ApFLQ,10-20-2016 02:14:29,7542,16317,false,788926328976187392
Twitter for iPhone,You should give the money back @HillaryClinton! #DrainTheSwamp https://t.co/m0LKHRUoHz,10-20-2016 02:11:33,7534,15919,false,788925593051992065
Twitter Web Client,Crooked‚Äôs top aides were MIRED in massive conflicts of interests at the State Dept. We MUST #DrainTheSwamp https://t.co/a4p7q9jZde #Debate,10-20-2016 02:08:08,5720,11183,false,788924731541958656
TweetDeck,LIVE FACT-CHECK: Trump's RIGHT. The Clinton Foundation has taken MILLIONS from the Middle East. #DrainTheSwamp https://t.co/Kgcaf5tdTM,10-20-2016 02:06:52,9520,13519,false,788924415518007297
Twitter Web Client,Crooked @HillaryClinton's foundation is a CRIMINAL ENTERPRISE. Time to #DrainTheSwamp!  https://t.co/89eOMTsIjt #BigLeagueTruth #Debate,10-20-2016 02:02:53,6513,12616,false,788923410353008640
Twitter Web Client,Moderator: ‚ÄúRespectfully you won‚Äôt answer the pay-to-play question.‚Äù #Debate #BigLeagueTruth,10-20-2016 02:02:15,7122,15460,false,788923253473419264
Twitter Web Client,.@HillaryClinton loves to lie. America has had enough of the CLINTON'S! It is time to #DrainTheSwamp! Debates https://t.co/3Mz4T7qTTR,10-20-2016 01:59:07,8362,15642,false,788922462733869056
Twitter Web Client,She'll say anything and change NOTHING! #MAGA #BigLeagueTruth https://t.co/6E767Uw6Dj,10-20-2016 01:58:34,6466,13741,false,788922326729367552
Twitter for iPhone,I will do more in the first 30 days in office than Hillary has done in the last 30 years! #Debate¬† #BigLeagueTruth https://t.co/tuNQePu8Vk,10-20-2016 01:57:00,7148,15658,false,788921932523593728
Twitter Web Client,Crooked's camp incited violence at my rallies. These incidents weren't "spontaneous" - like she claimed in Benghazi! https://t.co/aCzOgFIfZ2,10-20-2016 01:56:54,9253,14899,false,788921907835830272
Twitter Web Client,#CrookedHillary is nothing more than a Wall Street PUPPET! #BigLeagueTruth #Debate https://t.co/skhBWG6AQ3,10-20-2016 01:56:01,13276,23965,false,788921683629400064
Twitter for iPhone,Brought to you by @HillaryClinton &amp; her campaign- in Chicago Illinois. #BigLeagueTruth #DrainTheSwamp https://t.co/10iUBOcECp,10-20-2016 01:55:42,10738,16400,false,788921604130562052
Twitter Web Client,.@realDonaldTrump will do more in the first 30 days in office than Hillary has done in the last 30 years! #Debate‚Ä¶ https://t.co/GunaVggS0N,10-20-2016 01:53:57,3760,8263,false,788921162591973376
Twitter Web Client,Our country is stagnant. We‚Äôve lost jobs and business. We don‚Äôt make things anymore b/c of the bill Hillary‚Äôs husband signed and she blessed,10-20-2016 01:51:49,6406,16968,false,788920628535435265
Twitter Web Client,Crooked Hillary has never created a job in her life. We will create 25 million jobs. Think she can do that? Not a c‚Ä¶ https://t.co/64Kll0Dl7K,10-20-2016 01:51:15,7831,14874,false,788920482238038016
Twitter for iPhone,.@HillaryClinton has been doing this for THIRTY YEARS....where has she been? #BigLeagueTruth,10-20-2016 01:50:20,4981,12103,false,788920252931280896
Twitter for iPhone,#CrookedHillary gives Obama an ‚ÄúA‚Äù for an economic recovery that‚Äôs the slowest since WWII... #BigLeagueTruth‚Ä¶ https://t.co/wVMFHdyCu2,10-20-2016 01:49:00,4517,9318,false,788919918007758849
Twitter for iPhone,THE CHOICE IS CLEAR!#BigLeagueTruth #DrainTheSwamp https://t.co/kGx88PEpmX,10-20-2016 01:46:54,6262,12589,false,788919388850094080
Twitter Web Client,I will renegotiate NAFTA. If I can‚Äôt make a great deal we‚Äôre going to tear it up. We‚Äôre going to get this economy running again. #Debate,10-20-2016 01:45:45,5925,16114,false,788919099275390976
Twitter Web Client,#CrookedHillary's plan will add $1.15 TRILLION in new taxes. We cannot afford her! #DrainTheSwamp #Debate https://t.co/jpjKY1IiQh,10-20-2016 01:45:17,4006,7426,false,788918981818134529
Twitter for iPhone,This is what we can expect from #CrookedHillary. More Taxes. More Spending. #BigLeageTruth #DrainTheSwamp #Debates https://t.co/5yxnt0gNUF,10-20-2016 01:44:36,6146,10828,false,788918810040344576
Twitter Web Client,#BigLeagueTruth https://t.co/jhDLwFez3v,10-20-2016 01:44:31,3991,9161,false,788918790624948224
Twitter Web Client,.@HillaryClinton's tax hikes will CRUSH our economy. I will cut taxes -- BIG LEAGUE. https://t.co/EtA1tBnrNG https://t.co/NgMDP4wilI,10-20-2016 01:42:53,3675,8271,false,788918380082319360
Twitter for iPhone,.@HillaryClinton talking about jobs? Remember what she promised upstate New York. #BigLeagueTruth#Debates https://t.co/SmjNuHi7XB,10-20-2016 01:39:40,6933,12369,false,788917570317320192
Twitter Web Client,.@HillaryClinton has been a foreign policy DISASTER for the American people. I will #MakeAmericaStrongAgain #Debate‚Ä¶ https://t.co/tj6PWM5r1J,10-20-2016 01:39:29,5298,9602,false,788917524322627585
Twitter Web Client,Moderator: Hillary plan calls for more regulation and more government spending. #Debate #BigLeagueTruth,10-20-2016 01:38:47,4348,9981,false,788917347826278404
Twitter for iPhone,.@HillaryClinton- you have failed failed and failed. #BigLeagueTruthTime to #DrainTheSwamp! https://t.co/c2EiyU8XKK,10-20-2016 01:37:37,6739,12395,false,788917052337557505
Twitter Web Client,Hillary has called for 550% more Syrian immigrants but won‚Äôt even mention ‚Äúradical Islamic terrorists.‚Äù #Debate‚Ä¶ https://t.co/Rf48XkZWbu,10-20-2016 01:34:49,8566,15468,false,788916346432000000
Twitter for iPhone,Hey @POTUS - WE AGREE!#BigLeagueTruth #DrainTheSwamp https://t.co/WnofYy60fc,10-20-2016 01:32:46,6249,11774,false,788915831094677507
Twitter Web Client,Moderator: Hillary paid $225000 by a Brazilian bank for a speech that called for ‚Äúopen borders.‚Äù That‚Äôs a quote! #Debate #BigLeagueTruth,10-20-2016 01:29:22,10873,20264,false,788914975779663872
Twitter Web Client,TRUMP &amp; CLINTON ON IMMIGRATION#Debate #BigLeagueTruth https://t.co/OP4c7Jc8Ad,10-20-2016 01:28:41,4780,9339,false,788914805583208449
Twitter Web Client,Hillary is too weak to lead on border security-no solutions no ideas no credibility.She supported NAFTA worst deal in US history. #Debate,10-20-2016 01:28:08,5733,14769,false,788914665136922624
Twitter Web Client,.@RealDonaldTrump wants a SAFE America w/ stronger borders no amnesty and an END to sanctuary cities. He is‚Ä¶ https://t.co/7Ha00c77Gb,10-20-2016 01:27:37,4326,8940,false,788914536539496448
Twitter for iPhone,Plain &amp; Simple: We should only admit into this country those who share our VALUES and RESPECT our people. https://t.co/TlJo8dtVjZ,10-20-2016 01:24:20,5924,12936,false,788913709313699840
Twitter Web Client,One of my first acts as President will be to deport the drug lords and then secure the border. #Debate #MAGA,10-20-2016 01:23:45,6465,16001,false,788913564765478913
Twitter for iPhone,Hillary Clinton will use American tax dollars to provide amnesty for thousands of illegals. I will put‚Ä¶ https://t.co/ZpV33TfbR6,10-20-2016 01:22:56,5668,11097,false,788913356656652289
Twitter Web Client,Drugs are pouring into this country. If we have no border we have no country. That‚Äôs why ICE endorsed me. #Debate #BigLeagueTruth,10-20-2016 01:22:19,7582,16366,false,788913202474000384
Twitter for iPhone,#SecondAmendment #2A#Debates https://t.co/QbOaf8Dlhs,10-20-2016 01:18:09,4996,10301,false,788912156234227712
Twitter Web Client,.@realDonaldTrump is PRO-LIFE PRO-FAMILY #BigLeagueTruth #Debates2016 https://t.co/nOqbDBMQFM,10-20-2016 01:17:32,3464,6642,false,788911997488205824
Twitter for iPhone,It is so imperative that we have the right justices. #DrainTheSwamp #Debates¬†#BigLeagueTruth https://t.co/RHryqijTlu,10-20-2016 01:14:12,4782,9699,false,788911161605443584
Twitter Web Client,.@HillaryClinton lists litany of ways she plans to restrict gun rights. 2A will not survive a Hillary presidency. #Debate #BigLeagueTruth,10-20-2016 01:13:09,4848,10623,false,788910896026357761
Twitter Web Client,.@realDonaldTrump will PROTECT and DEFEND the Constitution #Debate #BigLeagueTruth #DrainTheSwamp https://t.co/mNTio22WK8,10-20-2016 01:11:14,4399,5498,false,788910411940626436
Twitter Web Client,The 2nd Amendment is under siege. We need SCOTUS judges who will uphold the US Constitution. #Debate #BigLeagueTruth,10-20-2016 01:10:23,5870,13102,false,788910201755742208
Twitter Web Client,Hillary Clinton wants to create the most liberal Supreme Court in history #debate #DrainTheSwamp https://t.co/fKJBNXvluh,10-20-2016 01:07:40,7100,12010,false,788909516775567360
Twitter Web Client,Ready to lead. Ready to Make America Great Again. #Debate #MAGA,10-20-2016 01:04:57,6965,17603,false,788908831304654848
Twitter for iPhone,This is an incredible MOVEMENT- WE are going to take our country BACK! #November8th #BigLeagueTruth #Debate https://t.co/BT4VgYTkBr,10-20-2016 00:58:56,4731,10713,false,788907319434158080
Twitter Web Client,Tune in at https://t.co/Q08Kp4w3oT and get the word out #BigLeagueTruth #Debate Help us spread the TRUTH stop the‚Ä¶ https://t.co/GS9YQYzF6x,10-20-2016 00:57:04,4854,8209,false,788906847906304004
Twitter for iPhone,I will be handing over my Twitter account to my team of deplorables for tonight's #debate#MakeAmericaGreatAgain,10-20-2016 00:48:32,7508,25004,false,788904702528229376
Twitter for iPhone,UNBELIEVABLE!Clinton campaign contractor caught in voter-fraud video is a felon who visited White House 342 times: https://t.co/qQdsMHAtkT,10-19-2016 22:57:24,17261,24538,false,788876733332062208
Twitter for iPhone,'Over 250000 to Lose Health Insurance in Battleground North Carolina Due to #Obamacare'https://t.co/18McSKO2AY,10-19-2016 22:16:07,7600,12463,false,788866344733114368
Twitter for iPhone,Join my team tonight at 8:30pmE!https://t.co/ZqJmf4yB87 https://t.co/ncJXn6fURF,10-19-2016 22:14:24,4708,11182,false,788865913822916608
Twitter for iPhone,I will issue a lifetime ban against senior executive branch officials lobbying on behalf of a FOREIGN GOVERNMENT!‚Ä¶ https://t.co/GQizTdCdFC,10-19-2016 21:28:45,14212,33518,false,788854422105235456
Twitter for iPhone,I am going to expand the definition of LOBBYIST - so we close all the LOOPHOLES! #DrainTheSwamp https://t.co/PBPrrEnfSK,10-19-2016 21:26:25,8822,20467,false,788853838191075328
Twitter for iPhone,Obamacare premiums increasing 33% in Pennsylvania - a complete disaster. It must be repealed and replaced!‚Ä¶ https://t.co/aDZEfcI7SM,10-19-2016 21:22:26,10365,20066,false,788852833810427905
Twitter for iPhone,'Hillary Clinton Deleted Emails With Her Email Server Technician'https://t.co/VvO4lTKsaj,10-19-2016 19:57:03,7855,14345,false,788831347036917760
Twitter for iPhone,Join me in Delaware Ohio tomorrow at 12:30pm! #DrainTheSwamp Tickets: https://t.co/TWRFY1ryY8 https://t.co/Zd1KjzlCtJ,10-19-2016 19:31:10,4646,11814,false,788824835019255808
Twitter for iPhone,'Top Hillary Adviser Mocked Plotted Attacks on Pro-Sanders Civil Rights Leader' #DrainTheSwamp https://t.co/ER5FtjZgjw,10-19-2016 19:09:28,6460,11865,false,788819370919157760
Twitter for iPhone,'Dem Operative Who Oversaw Trump Rally Agitators Visited White House 342 Times' #DrainTheSwamp https://t.co/MO4SJaQMzo,10-19-2016 18:10:41,12016,18582,false,788804579106226176
Twitter for iPhone,'State works hard and illegally for Clinton' #DrainTheSwamp https://t.co/zXvUnJTKhF,10-19-2016 18:06:23,7942,14551,false,788803495507832833
Twitter for iPhone,'Scandals surround Clinton's gatekeeper at State'#DrainTheSwamp https://t.co/xxTTZeMYAc,10-19-2016 18:05:18,7052,13106,false,788803222496346112
Twitter for iPhone,The State Department's 'shadow government' #DrainTheSwamp https://t.co/UtbqlGrYJh,10-19-2016 17:00:22,8262,14446,false,788786885015457792
Twitter for iPhone,More Anti-Catholic Emails From Team Clinton: https://t.co/KYirBbYjp2 https://t.co/f8Z7olUvlM,10-19-2016 16:57:44,9787,15453,false,788786220671176704
Twitter for iPhone,It is time to #DrainTheSwamp!https://t.co/U2XeM2vDJK,10-19-2016 15:34:12,9501,18541,false,788765196584038400
Twitter for iPhone,‚ÄòFood Groups‚Äô ‚Äì Emails Show Clinton Campaign Organized Potential VPs By Race And Gender: https://t.co/Qk1fOm1t8L,10-19-2016 01:28:27,11197,18566,false,788552360326893568
Twitter for iPhone,#DrainTheSwamp https://t.co/wqqPjxfBoJ,10-19-2016 01:00:40,9614,17029,false,788545364664070144
Twitter for iPhone,Time to #DrainTheSwamp in Washington D.C. and VOTE #TrumpPence16 on 11/8/2016. Together we will MAKE AMERICA SAFE‚Ä¶ https://t.co/rVcjXdWxzp,10-19-2016 00:53:43,23364,42039,false,788543616926912512
Twitter for iPhone,Hillary is the most corrupt person to ever run for the presidency of the United States. #DrainTheSwamp https://t.co/xA3YO8YzCq,10-19-2016 00:34:21,25908,52194,false,788538743950938112
Twitter for iPhone,'Clinton Campaign Tried to Limit Damage From Classified Info on Email Server' #DrainTheSwamp https://t.co/5j8WuKLL5o,10-19-2016 00:31:25,10181,17146,false,788538003836678144
Twitter for iPhone,'Trump rally disrupter was once on Clinton's payroll'https://t.co/75oLLuD4SI,10-18-2016 21:42:34,17035,26883,false,788495515021299713
Twitter for iPhone,Thank you Colorado Springs. If I‚Äôm elected President I am going to keep Radical Islamic Terrorists out of our count‚Ä¶ https://t.co/N74UK73RLK,10-18-2016 19:53:23,12904,33068,false,788468036541874176
Twitter for iPhone,FL KS ME MD MN NJ OR &amp; WV! It's the LAST DAY to mail in voter reg forms. Get the forms at‚Ä¶ https://t.co/CbpgL6wynY,10-18-2016 18:43:15,8282,15976,false,788450384809340928
Twitter Ads,It is time to #DrainTheSwamp in Washington D.C! Vote Nov. 8th to take down the #RIGGED system! https://t.co/Ox9hH13Q9I,10-18-2016 18:25:42,11787,23777,false,788445970539253761
Twitter for iPhone,Hillary‚Äôs Aides Urged Her to Take Foreign Lobbyist Donation And Deal With Attacks: https://t.co/o2qvr1myIZ,10-18-2016 18:05:45,11306,17997,false,788440948275421184
Twitter for iPhone,Nevada: A quick reminder that today is your last day to register to vote! https://t.co/ZnPgnu8vCS https://t.co/gF8ErCzTC1,10-18-2016 16:15:20,5350,11970,false,788413161472925696
Twitter for iPhone,If we let Crooked run the govt history will remember 2017 as the year America lost its independence. #DrainTheSwamp https://t.co/VpYiO8CnXQ,10-18-2016 15:36:44,20196,38270,false,788403448593002496
Twitter for iPhone,Pay-to-play. Collusion. Cover-ups. And now bribery? So CROOKED. I will #DrainTheSwamp. https://t.co/FNzMit7mD8,10-18-2016 15:34:06,15582,26753,false,788402786970939392
Twitter for iPhone,I will Make Our Government Honest Again -- believe me. But first I'm going to have to #DrainTheSwamp in DC. https://t.co/m1lMAQPnIb,10-18-2016 15:33:18,13622,27985,false,788402585816276992
Twitter for Android,"@THEREALMOGUL: 41% of American voters believe the  election could be "stolen" from DonaldTrump due to widespread voter fraud. - Politico",10-18-2016 11:32:52,13842,32692,false,788342075582328832
Twitter for iPhone,Great night in WI. I‚Äôm going to fight for every person in this country who believes government should serve the PEO‚Ä¶ https://t.co/UIKwWNmwR7,10-18-2016 02:07:55,16206,41446,false,788199901209452544
Twitter for iPhone,Donald J. Trump Ethics Reform Plan For Washington D.C.https://t.co/lKzas1SqUA,10-18-2016 01:43:34,11395,22258,false,788193776577675264
Twitter for iPhone,EXCLUSIVE: FBI Agents Say Comey ‚ÄòStood In The Way‚Äô Of Clinton Email Investigation:https://t.co/6n63fHVvNo,10-18-2016 01:42:15,15845,25643,false,788193441733808128
Twitter for iPhone,Get rich quick! Crooked Hillary Clinton's pay to play guide: https://t.co/uKh5sCFfrv,10-17-2016 22:51:31,38134,59429,false,788150475258343424
Twitter for iPhone,Yet more evidence of a media-rigged election: https://t.co/rVh4ocgx3r,10-17-2016 22:46:12,11990,19864,false,788149137820614657
Twitter for iPhone,My wife Melania will be interviewed tonight at 8:00pm by Anderson Cooper on @CNN. I have no doubt she will do very well. Enjoy!,10-17-2016 22:27:00,7957,30079,false,788144305701548032
Twitter for iPhone,I will sign the first bill to repeal #Obamacare and give Americans many choices and much lower rates!,10-17-2016 22:02:11,14655,38826,false,788138062853332997
Twitter for iPhone,Trump Virginia Office Announces Statewide TV Ad Strategy and Leadership Team: https://t.co/wVJZTjY8bA https://t.co/JUBRu4mqCE,10-17-2016 21:44:31,7710,16622,false,788133616593276928
Twitter for iPhone,Join me in Colorado Springs Colorado tomorrow at 1:00pm! #MAGA Tickets: https://t.co/ktFk8RuaUK,10-17-2016 21:38:13,5493,13863,false,788132030429233153
Twitter Web Client,Crooked Hillary colluded w/FBI and DOJ and media is covering up to protect her. It's a #RiggedSystem! Our country d‚Ä¶ https://t.co/kuinRTImVJ,10-17-2016 21:03:16,28365,54994,false,788123233442824192
Twitter for Android,New polls are good because the media has deceived the public by putting women front and center with made-up stories and lies and got caught,10-17-2016 19:31:22,13668,37149,false,788100107220709376
Twitter for iPhone,"Journalists shower Hillary Clinton with campaign cash"https://t.co/qZPPX0LO4X https://t.co/NsWbJN01Uu,10-17-2016 19:23:15,14469,22286,false,788098066075230208
Twitter for iPhone,"State Department official accused of offering 'quid pro quo' in Clinton email scandal" https://t.co/XkmcKeyRPJ,10-17-2016 19:11:28,11069,18638,false,788095098902962176
Twitter Web Client,Our thoughts are with the forces fighting ISIS in Iraq. We must never back down against this extreme radical Islami‚Ä¶ https://t.co/oEoFIA8Rym,10-17-2016 17:50:57,6599,16438,false,788074836153303040
Twitter for Android,Wow new polls just came out from @CNN   Great numbers especially after total media hit job. Leading Ohio 48 - 44.,10-17-2016 16:12:24,14121,37226,false,788050035539865600
TweetDeck,CORRUPTION CONFIRMED: FBI confirms State Dept. offered 'quid pro quo' to cover up classified emailshttps://t.co/A3mCNBLCsO,10-17-2016 15:50:00,11353,19353,false,788044398688890880
Twitter for Android,Voter fraud! Crooked Hillary Clinton even got the questions to a debate and nobody says a word. Can you imagine if I got the questions?,10-17-2016 15:24:31,20093,47408,false,788037987556794368
Twitter for iPhone,Unbelievable. https://t.co/D7kpxlQPwU,10-17-2016 15:20:17,14667,26750,false,788036918764269568
Twitter Web Client,üö®BREAKINGüö®: "State Department's Kennedy pressured FBI to unclassify Clinton emails: FBI documents"https://t.co/GYYaneeysA,10-17-2016 15:12:51,8657,14327,false,788035050118012928
Twitter for iPhone,WikiLeaks proves even the Clinton campaign knew Crooked mishandled classified info but no one gets charged? RIGGED! https://t.co/FgGxDsS0a1,10-17-2016 14:58:32,13751,25440,false,788031447932215300
Twitter for Android,We have all got to come together and win this election. We can't have four more years of Obama (or worse!).,10-17-2016 12:35:45,19038,48403,false,787995512448380928
Twitter for Android,Of course there is large scale voter fraud happening on and before election day. Why do Republican leaders deny what is going on? So naive!,10-17-2016 12:33:48,14066,36111,false,787995025527410688
Twitter for Android,"@RosieGray: Peter Thiel chooses now to give $1.25mil in support of Trump https://t.co/sNEEB2n2TE",10-17-2016 12:28:57,8252,19277,false,787993803504414720
Twitter for Android,"@PrisonPlanet: Trump accuser praised him in an email as recently as April! This is all yet another hoax. https://t.co/tcKzmIKpfS" Terrible,10-17-2016 12:24:47,10410,19424,false,787992753829478400
Twitter for Android,"@MarkSimoneNY: Watch Joe Biden's Long History Of Grabbing Kissing and Groping Women Who Are Cringing: https://t.co/1iQCMd25Dz",10-17-2016 12:19:33,10995,18435,false,787991439196229632
Twitter for Android,Can't believe these totally phoney stories 100% made up by women (many already proven false) and pushed big time by press have impact!,10-17-2016 12:15:50,9990,28405,false,787990502415167488
Twitter for Android,ALL SAFE IN ORANGE COUNTY NORTH CAROLINA. With you all the way will never forget. Now we have to win. Proud of you all!  @NCGOP,10-16-2016 22:34:35,14794,39166,false,787783828358258688
Twitter for Android,Animals representing Hillary Clinton and Dems in North Carolina just firebombed our office in Orange County because we are winning @NCGOP,10-16-2016 22:29:46,23088,45949,false,787782613633208320
Twitter for Android,Wow interview released by Wikileakes shows "quid pro quo" in Crooked Hillary e-mail probe.Such a dishonest person - &amp; Paul Ryan does zilch!,10-16-2016 22:15:33,14601,33161,false,787779039079624704
Twitter for Android,Finally in the new ABC News/Washington Post Poll Hillary Clinton is down 11 points with WOMEN VOTERS and the election is close at 47-43!,10-16-2016 21:02:34,14700,38626,false,787760670590791680
Twitter for Android,Paul Ryan a man who doesn't know how to win (including failed run four years ago) must start focusing on the budget military vets etc.,10-16-2016 20:54:37,11062,30738,false,787758668565581824
Twitter for Android,The Democrats have a corrupt political machine pushing crooked Hillary Clinton. We have Paul Ryan always fighting the Republican nominee!,10-16-2016 20:47:23,12544,33137,false,787756849453989889
Twitter for iPhone,Join me in Wisconsin tomorrow or Colorado on Tuesday!Green Bay- 6pmhttps://t.co/9L917nvCBXColorado Springs- 1pm‚Ä¶ https://t.co/972GWZDGEp,10-16-2016 20:13:36,6904,16850,false,787748349898264576
Twitter for iPhone,‚ÄúThe vast majority felt she should be prosecuted..." -- even senior FBI officials thought Crooked was guilty. https://t.co/AFtDs7HVlt,10-16-2016 19:26:11,14177,27323,false,787736416671367168
Twitter for Android,The election is absolutely being rigged by the dishonest and distorted media pushing Crooked Hillary - but also at many polling places - SAD,10-16-2016 17:01:12,21712,57212,false,787699930718695425
Twitter for iPhone,We've all wondered how Hillary avoided prosecution for her email scheme. Wikileaks may have found the answer. Obama! https://t.co/xF0wv8Oa8q,10-16-2016 16:07:58,21961,35273,false,787686533209939968
Twitter for iPhone,Hillary's staff thought her email scandal might just blow over. Who would trust these people with national security? https://t.co/EvBCQoZRG2,10-16-2016 16:07:08,13252,24636,false,787686322001612800
Twitter for iPhone,A country that Crooked Hillary says has funded ISIS also gave Wild Bill $1 million for his birthday? SO CORRUPT! https://t.co/00s5tgsXrM,10-16-2016 13:15:03,16328,29648,false,787643017234636800
Twitter for iPhone,They let Crooked &amp; the Gang off the hook for the crime but it looks like the cover-up is just as bad. Unbelievable! https://t.co/eWjHoq20Dw,10-16-2016 13:12:17,12967,25107,false,787642321072513024
Twitter for Android,Election is being rigged by the media in a coordinated effort with the Clinton campaign by putting stories that never happened into news!,10-16-2016 12:31:40,19162,46697,false,787632098794467328
Twitter for Android,Polls close but can you believe I lost large numbers of women voters based on made up events THAT NEVER HAPPENED. Media rigging election!,10-16-2016 11:36:28,17918,48978,false,787618207444131840
Twitter for Android,Watched Saturday Night Live hit job on me.Time to retire the boring and unfunny show. Alec Baldwin portrayal stinks. Media rigging election!,10-16-2016 11:14:00,18434,52859,false,787612552654155776
Twitter for Android,"@davidshiloach: @realDonaldTrump Go Mr. Trump! Israel is behind you!",10-16-2016 00:06:08,9866,26264,false,787444478512603136
Twitter for iPhone,Thank you for sharing Amy. https://t.co/StfzCeaQgH,10-16-2016 00:03:33,9508,21857,false,787443829146353664
Twitter for Android,A great day in New Hampshire and Maine. Fantastic crowds and energy! #MAGA,10-16-2016 00:03:06,8320,22979,false,787443714239164416
Twitter for iPhone,Thank you Bangor Maine! Get out &amp; #VoteTrumpPence16 on 11/8/16- and together we will MAKE AMERICA SAFE AND GREAT A‚Ä¶ https://t.co/sUSh8v07MW,10-15-2016 23:11:27,11132,26869,false,787430717387055105
Twitter for Android,The failing @nytimes reporters don't even call us anymore they just write whatever they want to write making up sources along the way!,10-15-2016 22:49:18,16054,39195,false,787425145489072128
Twitter for Android,Nothing ever happened with any of these women. Totally made up nonsense to steal the election. Nobody has more respect for women than me!,10-15-2016 18:29:22,20805,59824,false,787359730465329152
Twitter for iPhone,The MOVEMENT in Portsmouth New Hampshire w/ 7K supporters. THANK YOU! This is the biggest election of our lifetime‚Ä¶ https://t.co/4otZyjYLc2,10-15-2016 18:11:06,12924,32543,false,787355131062943744
Twitter for iPhone,Landing in New Hampshire soon to talk about the massive drug problem there and all over the country.,10-15-2016 15:55:19,7424,23819,false,787320961934688257
Twitter for iPhone,The truth is a beautiful weapon. https://t.co/P7FrFhicvw,10-15-2016 15:52:48,13821,27100,false,787320326573228032
Twitter for iPhone,Mr. Trump removing the broken teleprompter in North Carolina-in front of a massive crowd. He goes on&amp;delivers the b‚Ä¶ https://t.co/dyNxc1HDTW,10-15-2016 15:37:39,11703,27251,false,787316515632713733
Twitter for Android,Hillary Clinton should have been prosecuted and should be in jail. Instead she is running for president in what looks like a rigged election,10-15-2016 12:23:08,36172,84973,false,787267564405653505
Twitter for iPhone,Will be in Bangor Maine today at 3pm- join me! #MAGATickets: https://t.co/NY7E1FBOB7 https://t.co/5TN2wvnR7J,10-15-2016 12:17:06,6431,16342,false,787266044213723138
Twitter for Android,This election is being rigged by the media pushing false and unsubstantiated charges and outright lies in order to elect Crooked Hillary!,10-15-2016 11:45:58,30791,79356,false,787258211283918848
Twitter for Android,100% fabricated and made-up charges pushed strongly by the media and the Clinton Campaign may poison the minds of the American Voter. FIX!,10-15-2016 10:51:40,16157,42178,false,787244543003467776
Twitter for iPhone,Thank you @TrumpWomensTour!#MakeAmericaGreatAgain https://t.co/R4oxaHpsAB,10-15-2016 03:05:29,15424,32383,false,787127225581707265
Twitter for iPhone,Thank you Charlotte North Carolina! We are going to have an AMAZING victory on November 8th...because this is all‚Ä¶ https://t.co/A7Ql7KuMfT,10-15-2016 01:14:08,12223,33278,false,787099202291634177
Twitter Web Client,Make sure you're registered to vote! Let's #MakeAmericaGreatAgain! We can't afford more years of FAILURE! All info:‚Ä¶ https://t.co/MgV5urLhB0,10-14-2016 20:21:25,12696,28115,false,787025537483046913
Twitter for iPhone,Thank you for your support Greensboro North Carolina. Next stop - Charlotte! #MAGAhttps://t.co/3KWOl2ibaW https://t.co/jjde4W1hz2,10-14-2016 19:28:18,9913,26200,false,787012170630455297
Twitter for iPhone,WHAT THEY ARE SAYING ABOUT THE CLINTON CAMPAIGN‚ÄôS ANTI-CATHOLIC BIGOTRY: https://t.co/oRUlaT4zbn,10-14-2016 15:23:38,14583,28025,false,786950598826532864
Twitter for iPhone,Thank you to our U.S. Navy for protecting our country both in times of peace &amp; war. Together WE WILL MAKE AMERICA‚Ä¶ https://t.co/v23jCl4tEQ,10-14-2016 01:18:07,17582,48213,false,786737820669009921
Twitter for iPhone,Join me live in Cincinnati Ohio!#TrumpRally #MAGAhttps://t.co/MzqgNNVfZb,10-13-2016 23:53:56,5729,17975,false,786716631644897280
Twitter for iPhone,Join me in Greensboro North Carolina tomorrow at 2:00pm! #TrumpRallyhttps://t.co/vpLryxCyoq https://t.co/dRra2AqayJ,10-13-2016 23:28:02,7811,20444,false,786710113163812864
Twitter for iPhone,Dem Gov. of MN. just announced that the Affordable Care Act (Obamacare) is no longer affordable. I've been saying this for years- disaster!,10-13-2016 22:51:17,16579,43589,false,786700864752914433
Twitter Ads,"This is a crossroads in the history of our civilization that will determine whether or not We The People reclaim c‚Ä¶ https://t.co/a84WMHpSYy,10-13-2016 22:50:04,16977,33428,false,786700561743687680
Twitter for iPhone,Great event in Columbus- taking off for Cincinnati now. Great new Ohio poll out- thank you!OHIO NBC/WSJ/MARIST POLLTrump 42% Clinton 41%,10-13-2016 22:14:56,10543,31318,false,786691718062235649
Twitter for iPhone,Just left a great rally in Florida - now heading to Ohio for two more. Will be there soon.,10-13-2016 20:04:14,8838,31951,false,786658827429154816
Twitter for iPhone,I am making a major speech in West Palm Beach Florida at noon. Tune in!,10-13-2016 15:28:34,9658,31334,false,786589454991499264
Twitter for iPhone,Thank you! #MAGA #AmericaFirst https://t.co/fG313wjlKm,10-13-2016 15:27:27,14076,32417,false,786589172911964161
Twitter for iPhone,Join me in Ohio &amp; Maine!Cincinnati Ohio- tonight @ 7:30pm: https://t.co/XlHGD1VrMoBangor Maine - Saturday @ 3pm‚Ä¶ https://t.co/DYHPQYBwpK,10-13-2016 13:52:14,7310,19017,false,786565208663785476
Twitter Web Client,The phony story in the failing @nytimes is a TOTAL FABRICATION. Written by same people as last discredited story on women. WATCH!,10-13-2016 13:35:12,14789,36489,false,786560925113266176
Twitter for Android,Why didn't the writer of the twelve year old article in People Magazine mention the "incident" in her story. Because it did not happen!,10-13-2016 13:09:45,15712,42226,false,786554517680693248
Twitter for iPhone,I will be in Cincinnati Ohio tomorrow night at 7:30pm- join me! #OhioVotesEarly #VoteTrumpPence16 Tickets:‚Ä¶ https://t.co/Bp5iHKbT2d,10-12-2016 22:59:48,8919,23203,false,786340623804751872
Twitter for iPad,The MOVEMENT in Lakeland Florida. Voter registration extended to 10/18. REGISTER ASAP @ https://t.co/HfihPERFgZ &amp;‚Ä¶ https://t.co/PygIlshrgv,10-12-2016 21:01:31,11719,27252,false,786310855843512320
Twitter for iPhone,The people of Cuba have struggled too long. Will reverse Obama's Executive Orders and concessions towards Cuba until freedoms are restored.,10-12-2016 19:20:48,14815,40093,false,786285509668696065
Twitter for iPhone,PAY TO PLAY POLITICS. #CrookedHillary https://t.co/wjsl8ITVvk,10-12-2016 14:00:48,25378,43285,false,786204978629185536
Twitter for iPhone,Very little pick-up by the dishonest media of incredible information provided by WikiLeaks. So dishonest! Rigged system!,10-12-2016 13:46:43,21032,52307,false,786201435486781440
Twitter for Android,Crooked Hillary Clinton likes to talk about the things she will do but she has been there for 30 years - why didn't she do them?,10-12-2016 12:59:05,18637,51010,false,786189446274248704
Twitter for iPhone,Thank you Florida- a MOVEMENT that has never been seen before and will never be seen again. Lets get out &amp;‚Ä¶ https://t.co/t9XM9wFDZI,10-12-2016 04:04:47,19039,49743,false,786054986534969344
Twitter for iPhone,Join me Thursday in Florida &amp; Ohio!West Palm Beach FL at noon:https://t.co/jwbZnQhxg9Cincinnati OH this 7:30pm:https://t.co/5w2UhalPIx,10-12-2016 00:56:06,7842,19775,false,786007502639038464
Twitter for Android,Wow @CNN Town Hall questions were given to Crooked Hillary Clinton in advance of big debates against Bernie Sanders. Hillary &amp; CNN FRAUD!,10-11-2016 23:04:25,29259,60485,false,785979396620324865
Twitter for iPhone,Thank you Texas! If you haven't registered to VOTE- today is your last day. Go to: https://t.co/HfihPEA3Sp &amp; get ou‚Ä¶ https://t.co/gxbDRD4x2k,10-11-2016 21:35:41,12712,31083,false,785957064480653313
Twitter for iPhone,VOTER REGISTRATION DEADLINES TODAY. You can register now at: https://t.co/HfihPEA3Sp and get out to‚Ä¶ https://t.co/LlFdF0DRX4,10-11-2016 20:56:33,8185,17368,false,785947219216125952
Twitter for iPhone,DON'T LET HER FOOL US AGAIN. https://t.co/3QSoADFh7S,10-11-2016 18:43:35,28922,51744,false,785913754194104320
Twitter for iPhone,Crooked's State Dept gave special attention to "Friends of Bill" after the Haiti Earthquake. Unbelievable! https://t.co/opP2l8ln0J,10-11-2016 18:29:59,13278,22173,false,785910334427058177
Twitter for iPhone,I hope people are looking at the disgraceful behavior of Hillary Clinton as exposed by WikiLeaks. She is unfit to run.,10-11-2016 17:43:06,23700,56751,false,785898532645502980
Twitter for Android,In Texas now leaving soon for BIG rally in Florida!,10-11-2016 17:12:35,8254,28871,false,785890855760465920
Twitter for Android,The very foul mouthed Sen. John McCain begged for my support during his  primary (I gave he won) then dropped me over locker room remarks!,10-11-2016 16:52:28,21636,48548,false,785885793340448769
Twitter for iPhone,13 states have voter registration deadlines TODAY: FL OH PA MI GA TX NM IN LA TN AR KY SC.Register: https://t.co/wAtnFpN6wL,10-11-2016 16:11:41,6824,14121,false,785875528825835526
Twitter for iPhone,Wow. Unbelievable. https://t.co/RcBPCcmwnD,10-11-2016 15:25:11,19397,31730,false,785863826361184257
Twitter for iPhone,Disloyal R's are far more difficult than Crooked Hillary. They come at you from all sides. They don‚Äôt know how to win - I will teach them!,10-11-2016 14:48:29,21836,55799,false,785854588654092290
Twitter Web Client,With the exception of cheating Bernie out of the nom the Dems have always proven to be far more loyal to each other than the Republicans!,10-11-2016 14:15:10,15158,41961,false,785846205750337537
Twitter for iPhone,It is so nice that the shackles have been taken off me and I can now fight for America the way I want to.,10-11-2016 14:00:38,24171,64756,false,785842546878578688
Twitter for Android,Our very weak and ineffective leader Paul Ryan had a bad conference call where his members went wild at his disloyalty.,10-11-2016 13:05:53,16799,42510,false,785828772423561216
Twitter for iPhone,Despite winning the second debate in a landslide (every poll) it is hard to do well when Paul Ryan and others give zero support!,10-11-2016 12:16:57,18269,58630,false,785816454042124288
Twitter for iPhone,Thank you Pennsylvania. This is a MOVEMENT like we have never seen before! #VoteTrumpPence16 on 11/8/16- together‚Ä¶ https://t.co/x0197JL5RU,10-11-2016 01:33:32,15203,39520,false,785654535234531329
Twitter for iPhone,Is this really America? Terrible! https://t.co/WiwC61PIFu,10-10-2016 22:31:52,20181,39587,false,785608815962099712
Twitter for Android,Wow @CNN got caught fixing their "focus group" in order to make Crooked Hillary look better. Really pathetic and totally dishonest!,10-10-2016 19:31:04,28837,69788,false,785563318652178432
Twitter for iPhone,Debate polls look great - thank you!#MAGA #AmericaFirst https://t.co/4peQ3Sswdz,10-10-2016 19:22:56,15968,36083,false,785561269571026946
Twitter for iPhone,CNN is the worst - fortunately they have bad ratings because everyone knows they are biased. https://t.co/oFRfNY2rUY,10-10-2016 19:14:00,14451,34322,false,785559022082658305
Twitter for Android,Paul Ryan should spend more time on balancing the budget jobs and illegal immigration and not waste his time on fighting Republican nominee,10-10-2016 17:22:22,30198,81183,false,785530928256933888
Twitter for Android,Thank you for all of the great comments on the debate last night. Very exciting!,10-10-2016 17:08:21,11950,50681,false,785527400528568320
Twitter for iPhone,Thank you St. Louis Missouri!#MakeAmericaGreatAgain  https://t.co/2llBltf0mE https://t.co/wBmVxf1a9D,10-10-2016 03:39:21,16233,55805,false,785323809062653952
Twitter for iPhone,RT @mike_pence: Congrats to my running mate @realDonaldTrump on a big debate win! Proud to stand with you as we #MAGA.,10-10-2016 03:01:22,41496,0,true,785314249044140036
Twitter Web Client,RT @TeamTrump: RT if you agree @realDonaldTrump WON the #Debate- BIG LEAGUE! #MAGA https://t.co/EmwDZ32uAZ,10-10-2016 02:55:25,31510,0,true,785312752793452549
Twitter for iPhone,RT @DonaldJTrumpJr: Someone please fact check her coal comments. Give me a break. #debates,10-10-2016 02:42:40,11160,0,true,785309545971286016
Twitter Web Client,RT @TeamTrump: It‚Äôs US vs. them! @realDonaldTrump will fight for you! #BigLeagueTruth #Debates,10-10-2016 02:41:32,7331,0,true,785309259508703232
Twitter for iPhone,MY PRO-GROWTH Econ Plan:‚úÖEliminate excessive regulations! ‚úÖLean government!‚úÖLower taxes!#Debates¬†‚Ä¶ https://t.co/OchcnuSAgR,10-10-2016 02:31:41,11823,27030,false,785306782033907713
Twitter Web Client,Hypocrite: @HillaryClinton is the single biggest beneficiary of Citizens United in history by far. #debate #bigleaguetruth,10-10-2016 02:30:17,12240,30018,false,785306429250998272
Twitter for iPhone,RT @DonaldJTrumpJr: Ironic since Hillary has gotten a lot more of that "dark unaccountable money" into her campaign. #debates,10-10-2016 02:30:02,8083,0,true,785306363681529858
Twitter for iPhone,RT @TeamTrump: "She calls our people deplorable and irredeemable. I will be a president for ALL of our people." - @RealDonaldTrump #BigLeag‚Ä¶,10-10-2016 02:25:20,12172,0,true,785305184360693760
Twitter for iPhone,RT @KellyannePolls: After a decent first debate @HillaryClinton is back to form: pedantic lawyerly technocratic (woefully untruthful) r‚Ä¶,10-10-2016 02:25:04,11370,0,true,785305114135425024
Twitter Web Client,Our country has the slowest growth since 1929. #BigLeagueTruth #debate,10-10-2016 02:24:50,9544,24856,false,785305058757971968
Twitter for iPhone,RT @DanScavino: WE LOVE OUR DEPLORABLES!!!#TrumpTrain #Debates2016 https://t.co/2Nt9ID3tV7,10-10-2016 02:24:29,7560,0,true,785304970463735808
Twitter Web Client,@AC360: ‚ÄúHow can you unite a country if you‚Äôve written off tens of millions of Americans?‚Äù #Deplorables #BigLeagueTruth #Debate,10-10-2016 02:23:21,4864,10422,false,785304682960916480
Twitter Web Client,This country cannot take four more years of Barack Obama! #Debate,10-10-2016 02:21:50,14753,40202,false,785304300364922880
Twitter Web Client,We agree @POTUS-"SHE'LL (Hillary Clinton) SAY ANYTHING &amp; CHANGE NOTHING. IT'S TIME TO TURN THE PAGE" -President Obama,10-10-2016 02:20:35,14342,35037,false,785303987700527104
Twitter Web Client,If @HillaryClinton is president she‚Äôll be all talk and nothing will get done. #Debate #BigLeagueTruth,10-10-2016 02:19:35,9907,26746,false,785303736868560897
Twitter Web Client,FACT ‚úîÔ∏è on ‚Äúred line‚Äù in Syria: HRC "I wasn‚Äôt there." Fact: line drawn in Aug ‚Äô12. HRC Secy of State til Feb ‚Äô13. https://t.co/4yZjH3TR5B,10-10-2016 02:18:37,11723,21810,false,785303494551044097
Twitter Web Client,In my administration EVERY American will be treated equally protected equally and honored equally #Debate #BigLeagueTruth,10-10-2016 02:15:24,11184,28559,false,785302681560748033
Twitter for iPhone,RT @TeamTrump: It's hard to fight terrorism when you're making cash payments to the world's LARGEST state sponsor of TERROR. Under Trump: N‚Ä¶,10-10-2016 02:14:59,12985,0,true,785302579689512960
Twitter Web Client,RT @TeamTrump: .@HillaryClinton had her chance and she BLEW IT. #BigLeagueTruth #Debates https://t.co/d2MI0DCg5Y,10-10-2016 02:12:56,5825,0,true,785302062083047424
Twitter Web Client,RT @TeamTrump: "We are going to be THRIVING again." - @realDonaldTrump #BigLeagueTruth #Debates2016 https://t.co/CaFOF7jS7k,10-10-2016 02:12:38,5758,0,true,785301987231461378
Twitter Web Client,We cannot let this evil continue! #Debates2016 https://t.co/f6BxYyRJID,10-10-2016 02:11:26,7356,17396,false,785301685157695492
Twitter Web Client,This is the definition of ransom ‚¨á https://t.co/370piI2JLp,10-10-2016 02:09:51,8905,17740,false,785301286816210944
Twitter Web Client,RT @JasonMillerinDC: Is @realDonaldTrump debating Crooked @HillaryClinton or the moderators @AC360 and @MarthaRaddatz? #rattledhillary,10-10-2016 02:08:51,3822,0,true,785301036290433024
Twitter Web Client,The world is most peaceful and most prosperous when America is strongest. https://t.co/Y2Dx7xyBBs,10-10-2016 02:07:58,7827,20679,false,785300814051041281
Twitter Web Client,Here are Hillary Clinton's "accomplishments" at the State Department.#Debates2016 #RattledHillary https://t.co/iouuqXYAdq,10-10-2016 02:06:41,11389,22230,false,785300490716348416
Twitter for iPhone,RT @TeamTrump: #RattledHillary wants to talk about her 30 years in service. How about her 30 years of FLOPS‚ÜîÔ∏èFLOPS?! #BigLeagueTruth #Debat‚Ä¶,10-10-2016 02:03:01,5004,0,true,785299565805236224
Twitter Web Client,RT @TeamTrump: .@HillaryClinton is RAISING your taxes to a disastrous level. @realDonaldTrump is going to LOWER your taxes - BIG LEAGUE! #D‚Ä¶,10-10-2016 02:02:28,3936,0,true,785299429381242880
Twitter Web Client,History lesson: There‚Äôs a big difference between Hillary Clinton and Abraham Lincoln. For one his nickname is Hone‚Ä¶ https://t.co/A5JDkz1eCE,10-10-2016 02:00:31,30205,67140,false,785298936751882240
Twitter for iPhone,We're going to cut taxes BIG LEAGUE for the middle class. She's raising your taxes and I'm lowering your taxes!https://t.co/ZwIkqNH2FX,10-10-2016 01:57:38,5976,16516,false,785298212513021953
Twitter Web Client,"YOU NEED BOTH A PUBLIC AND A PRIVATE POSITION"@HillaryClinton #Debates2016 https://t.co/oI2qi2HAdO,10-10-2016 01:51:33,6914,13600,false,785296681847906306
Twitter Web Client,Hypocrite! @HillaryClinton claims she needs a ‚Äúpublic and a private stance‚Äù in discussions with Wall Street banks. #Debate,10-10-2016 01:50:45,7560,19027,false,785296480672382979
Twitter Web Client,I hope when the MSM runs its ‚Äúinterruption counters‚Äù they consider the # of times the moderators interrupted me com‚Ä¶ https://t.co/pHEjp8bZVP,10-10-2016 01:49:56,11166,32926,false,785296272890662912
Twitter for iPhone,.@HillaryClinton - ITS CALLED EXTREME VETTING! #Debates2016 https://t.co/ueq7cbOg9Y,10-10-2016 01:48:19,7115,14149,false,785295867863568384
Twitter Web Client,.@HillaryClinton #ICYMI- "WE ARE NOT IN A NARRATIVE FIGHT."@Mike_Pence #MAGA https://t.co/FUQzXlyPwY,10-10-2016 01:45:16,7384,17901,false,785295100674998272
Twitter Web Client,RT @TeamTrump: ONLY @realDonaldTrump will end what even @BillClinton called a CRAZY SYSTEM. #BigLeagueTruth #Debate https://t.co/cgoqZLDXDV,10-10-2016 01:44:29,5088,0,true,785294901906903040
Twitter Web Client,#CrookedHillary has FAILED all over the world! Ùè∞Ä #BigLeagueTruth #Debates2016 https://t.co/dalk9JKcFg,10-10-2016 01:43:04,7132,15464,false,785294546326417408
Twitter Web Client,RT @realDonaldTrump: ATTN: @HillaryClinton - Why did five of your staffers need FBI IMMUNITY?! #BigLeagueTruth #Debates,10-10-2016 01:40:11,15057,0,true,785293820258902016
Twitter Web Client,.@HillaryClinton is NOT above the law!#Debates2016 https://t.co/4arYZcGgYZ,10-10-2016 01:37:50,27126,49077,false,785293229390454784
Twitter Web Client,RT @TeamTrump: We agree with Bill ObamaCare is ‚Äúthe craziest thing in the world.‚Äù #BigLeagueTruth #Debates2016 https://t.co/v2yo6pSYoB,10-10-2016 01:36:40,5178,0,true,785292936095424512
Twitter Web Client,.@HillaryClinton : Bill ‚Äúclarified‚Äù what he meant when calling Obamacare a ‚Äúdisaster.‚Äù Actually ‚Äúdisaster‚Äù is pretty clear. #Debate,10-10-2016 01:36:24,6866,18814,false,785292868915236868
Twitter Web Client,We must repeal Obamacare and replace it with a much more competitive comprehensive affordable system. #debate #MAGA,10-10-2016 01:35:26,6940,20616,false,785292623623905280
Twitter Web Client,Obama and Clinton told the same lie to sell #ObamaCare. #Debates2016 https://t.co/vhOLtHrR66,10-10-2016 01:32:10,8997,16433,false,785291804816052225
Twitter for iPhone,ATTN: @HillaryClinton - Why did five of your staffers need FBI IMMUNITY?! #BigLeagueTruth #Debates,10-10-2016 01:29:45,15057,35428,false,785291193194254336
Twitter Web Client,Hillary‚Äôs 33000 deleted emails about her daughter‚Äôs wedding. That‚Äôs a lot of wedding emails. #debate,10-10-2016 01:29:17,12991,32711,false,785291077649588226
Twitter Web Client,Basically nothing Hillary has said about her secret server has been true. #CrookedHillary,10-10-2016 01:28:36,8173,23178,false,785290904093491200
Twitter for iPhone,If I win-I am going to instruct my AG to get a special prosecutor to look into your situation bc there's never been anything like your lies.,10-10-2016 01:27:04,15745,40487,false,785290517835841536
Twitter Web Client,RT @TeamTrump: RT if you believe @HillaryClinton is the one who owes America an apology! #BigLeagueTruth #Debates https://t.co/KcmDedSUTw,10-10-2016 01:24:50,6922,0,true,785289956541554689
Twitter for iPhone,Donald J. Trump's History Of Empowering Women #BigLeagueTruthhttps://t.co/oY2YSPz7nB,10-10-2016 01:24:47,3692,9207,false,785289945837629440
Twitter Web Client,There‚Äôs never been anyone more abusive to women in politics than Bill Clinton.My words were unfortunate-the Clintons‚Äô actions were far worse,10-10-2016 01:23:22,14012,37439,false,785289587157504000
Twitter Web Client,RT @TeamTrump: Quite simply @HillaryClinton mistreats women. #BigLeagueTruth #Debate2016https://t.co/zhgrulIctf https://t.co/wHtwtnCxxQ,10-10-2016 01:16:36,4621,0,true,785287884718895104
Twitter Web Client,I‚Äôm not proud of my locker room talk. But this world has serious problems. We need serious leaders. #debate #BigLeagueTruth,10-10-2016 01:13:03,8201,23998,false,785286990153543681
Twitter Web Client,RT @TeamTrump: .@realDonaldTrump is here to talk about the REAL issues #BigLeagueTruth #Debates2016 https://t.co/C5OF7HdJz6,10-10-2016 01:11:51,4647,0,true,785286690730631168
Twitter Web Client,It‚Äôs this simple. ‚ÄúMake America Great Again.‚Äù #debate #BigLeagueTruth,10-10-2016 01:11:26,5770,14440,false,785286584950198272
Twitter for iPhone,RT @TeamTrump: .@HillaryClinton just claimed she has a "positive optimistic view" for America. #Debates https://t.co/hOWJYZbD7v,10-10-2016 01:08:45,2929,0,true,785285910518640641
Twitter for iPhone,My team of deplorables will be taking over my Twitter account for tonight's #debate#MakeAmericaGreatAgain,10-10-2016 00:24:46,12562,41042,false,785274843042230280
Twitter Web Client,Join me on #FacebookLive as I conclude my final #debate preparations. https://t.co/gAbNvI8Fd7,10-09-2016 23:26:24,4513,13246,false,785260151099961345
Twitter for iPhone,The Palestinian terror attack today reminds the world of the grievous perils facing Israeli citizens....continued:https://t.co/d2Upx5FitC,10-09-2016 22:26:27,7072,17121,false,785245066881216512
Twitter for iPhone,Exclusive Video‚ÄìBroaddrick Willey Jones to Bill's Defenders: ‚ÄòThese Are Crimes‚Äô ‚ÄòTerrified‚Äô of ‚ÄòEnabler‚Äô Hillary https://t.co/DMfLsIbtU1,10-09-2016 17:16:50,13826,23672,false,785167148150820864
Twitter for iPhone,LA Times- USC Dornsife Sunday Poll: Donald Trump Retains 2 Point Lead Over Hillary:https://t.co/n05rul4Ycw,10-09-2016 16:02:35,9954,22434,false,785148463868735488
Twitter for Android,So many self-righteous hypocrites. Watch their poll numbers - and elections - go down!,10-09-2016 14:12:23,18369,50505,false,785120729364922369
Twitter for Android,"@HenryLeledog: @realDonaldTrump This Black Democrat is on the "TRUMP TRAIN"!!",10-09-2016 14:05:17,8167,23242,false,785118941974757376
Twitter for Android,"@maidaa17: @realDonaldTrump GOP traitors! Not supporting U is voting for her destroying America.,10-09-2016 14:04:28,10265,27759,false,785118735543767040
Twitter for Android,"@CharleneOsbor17: @realDonaldTrump politicians don't count. It's the people. We are behind trump all the way to White House.",10-09-2016 14:03:24,10391,28201,false,785118470753095680
Twitter for Android,"@eericmyers: @realDonaldTrump  "Republican leadership" should have only one job: Help elect the nominee we voted for Donald J. Trump.",10-09-2016 14:02:28,11193,30351,false,785118235452665856
Twitter for Android,"@Jodygirl1010: @realDonaldTrump I am a woman who continues to support &amp; stand with #Trump! #dtmag https://t.co/nFmY3FJuEf" Thank you.,10-09-2016 14:01:33,10365,25891,false,785118003696373762
Twitter for iPhone,EXCLUSIVE ‚Äî Video Interview: Bill Clinton Accuser Juanita Broaddrick Relives Brutal Rapes:https://t.co/9j7f8VK9Md,10-09-2016 13:17:02,16630,25268,false,785106800572063744
Twitter for Android,Tremendous support (except for some Republican "leadership"). Thank you.,10-09-2016 13:00:51,18238,57122,false,785102728334893056
Twitter for Android,Thank you to my great supporters in Wisconsin. I heard that the crowd and enthusiasm was unreal!,10-09-2016 00:38:52,15429,52569,false,784916001783709696
Twitter for iPhone,RT @atensnut: Hillary calls Trump's remarks "horrific" while she lives with and protects a "Rapist".  Her actions are horrific.,10-08-2016 22:41:10,37018,0,true,784886380237316098
Twitter for iPhone,RT @atensnut: How many times must it be said? Actions speak louder than words. DT said bad things!HRC threatened me after BC raped me.,10-08-2016 22:40:30,37047,0,true,784886214931390465
Twitter for Android,The media and establishment want me out of the race so badly -  I WILL NEVER DROP OUT OF THE RACE WILL NEVER LET MY SUPPORTERS DOWN! #MAGA,10-08-2016 19:40:48,40772,105680,false,784840992734064641
Twitter for Android,Certainly has been an interesting 24 hours!,10-08-2016 14:48:22,22140,62113,false,784767399442653184
Twitter for iPhone,Here is my statement. https://t.co/WAZiGoQqMQ,10-08-2016 04:19:43,51891,120244,false,784609194234306560
Twitter for iPhone,Thoughts &amp; prayers with the millions of people in the path of Hurricane Matthew. Look out for neighbors and listen‚Ä¶ https://t.co/JqjyTiKicD,10-07-2016 03:03:48,17364,52881,false,784227699321634817
Twitter for iPhone,"@kevcirilli: Trump speaking in exact same tone he did in Waterville Valley on 12/1. The night I first realized he was gonna be GOP nominee",10-07-2016 02:18:06,6828,20414,false,784216198259085312
Twitter for iPhone,New National Rasmussen Poll: https://t.co/BnAveA5OuP,10-06-2016 22:54:16,12887,29123,false,784164902780882944
Twitter for iPhone,Thank you Tennessee! #MAGA https://t.co/OoDFmerQ5B,10-06-2016 21:57:35,11001,28251,false,784150639689490432
Twitter for iPhone,VOTE #TrumpPence16 on 11/8/16! https://t.co/12zAk8VmgK,10-06-2016 21:51:58,9062,19862,false,784149222870351872
Twitter for iPhone,'Donald Trump: A President for All Americans' https://t.co/3lU2vrUE3t,10-06-2016 20:47:49,10933,23522,false,784133078969090049
Twitter for iPhone,Volunteer to be a Trump Election Observer. Sign up today!#MakeAmericaGreatAgainhttps://t.co/ZzFHlsWnh4,10-06-2016 20:45:38,7809,13830,false,784132532073881600
Twitter for iPhone,RT @DonaldJTrumpJr: Great group at our Victory Office in Columbus Ohio. I'm incredibly grateful to have so many‚Ä¶ https://t.co/rLJWCAGRlW,10-06-2016 18:41:46,3391,0,true,784101360736370688
Twitter for iPhone,RT @IvankaTrump: Thank you Angie Phillips for inviting me to tour your plant Middletown Tube Works. #Ohio https://t.co/fUKiiEIBXT,10-06-2016 18:39:41,4414,0,true,784100832736382978
Twitter for iPhone,Praying for everyone in Florida. Hoping the hurricane dissipates but in any event please be careful.,10-06-2016 04:24:43,17322,53165,false,783885674575491073
Twitter for iPhone,New Virginia poll- thank you! We are going to show the whole world that America is back ‚Äì BIGGER and BETTER and S‚Ä¶ https://t.co/2CikEXb0G7,10-06-2016 04:08:23,12195,31216,false,783881566510546944
Twitter for iPhone,Pennsylvania poll just released. Two rallies there on Mon- join me!Ambridge: https://t.co/TujWDWcgd3Wilkes-Barre:‚Ä¶ https://t.co/TeIeCttUpP,10-06-2016 04:02:19,8696,19244,false,783880036172623873
Twitter for iPhone,Nation's Immigration And Customs Enforcement Officers (ICE) Make First-Ever Presidential Endorsement:https://t.co/eO1UY5N9J1,10-06-2016 01:53:05,9079,20750,false,783847514088824832
Twitter for iPhone,Such a great honor! https://t.co/vt4AmLdkeP,10-06-2016 01:32:48,8845,20159,false,783842408949841921
Twitter for iPhone,Amazing rally in Reno Nevada- thank you. Make sure you get out on 11/8 &amp; VOTE #TrumpPence16. Together we will put‚Ä¶ https://t.co/6gPJhb29xk,10-06-2016 01:15:20,7044,18810,false,783838014363623424
Twitter for iPhone,Reuters polling just out- thank you!#MakeAmericaGreatAgain https://t.co/UMY6kOiSTu,10-05-2016 23:19:43,13497,29379,false,783808918824681472
Twitter for iPhone,Thank you South Carolina! Everyone has to get out and VOTE on 11/8/16. #MakeAmericaGreatAgain‚Ä¶ https://t.co/os7EmRCdPf,10-05-2016 22:59:52,7014,17376,false,783803924050350080
Twitter for iPhone,EARLY VOTING: MN &amp; IA already underway more states coming up in the next week: OH ME AZ IN ‚Äî check w/local officials for details &amp; VOTE!,10-05-2016 22:57:42,8087,19307,false,783803377977135104
Twitter for iPhone,'Small business says Trump is their pick for president'https://t.co/tzVN9QgPFS,10-05-2016 22:02:58,9753,22664,false,783789606663778304
Twitter for iPhone,Thank you @SenJohnMcCain for your kind remarks on the important issue of PTSD and the dishonest media. Great to be in Arizona yesterday!,10-05-2016 21:22:52,10650,30232,false,783779512425119744
Twitter for iPhone,Bill Clinton is right: Obamacare is 'crazy' 'doesn't work' and 'doesn't make sense'.  Thanks Bill for telling the truth.,10-05-2016 21:19:48,16413,40883,false,783778741646270464
Twitter for iPhone,Thank you Henderson NV. This is a MOVEMENT like never seen before! Watch some of the rally via my Facebook page:‚Ä¶ https://t.co/dNF8G4VUqY,10-05-2016 21:11:34,5977,15310,false,783776670339641344
Twitter for iPhone,About to begin a rally here in Henderson Nevada. New Reuters poll just out- thank you! Join the MOVEMENT:‚Ä¶ https://t.co/uvbntNsxGl,10-05-2016 18:53:09,6131,15560,false,783741835420110848
Twitter for iPhone,Beautiful morning- thank you @ICLV! https://t.co/xzJhrLgjHP,10-05-2016 18:40:17,7510,19359,false,783738595987169280
Twitter for Android,The constant interruptions last night by Tim Kaine should not have been allowed. Mike Pence won big!,10-05-2016 13:28:52,13279,49008,false,783660227530862592
Twitter for Android,Mike Pence won big. We should all be proud of Mike!,10-05-2016 02:36:02,35765,120189,false,783495937708527616
Twitter for iPhone,RT @mike_pence: History teaches us that weakness arouses evil. America needs to be strong on the world stage. #VPDebate https://t.co/FJ59o5‚Ä¶,10-05-2016 02:32:12,13311,0,true,783494972213383168
Twitter for iPhone,RT @TeamTrump: RT if you agree - @HillaryClinton &amp; @timkaine are WRONG for America! #VPDebate #MAGA https://t.co/2MZfFzCo6c,10-05-2016 02:31:22,15259,0,true,783494760824614912
Twitter for iPhone,RT @TeamTrump: .@timkaine's Abortion Flip-Flops: From Valuing The Sanctity of Life --&gt; Pro-Abortion Demagogue #VPdebate https://t.co/aK4061‚Ä¶,10-05-2016 02:30:59,5890,0,true,783494665232191488
Twitter for Android,"@AnyoneTennis: @timkaine Cannot believe how often the moderator interrupts #Pence vs the other guy...so obvious @FoxNews"  So true!,10-05-2016 02:28:24,10170,32716,false,783494014276218884
Twitter for Android,"@Gsimmons03Ginny: @realDonaldTrump ..Kaine is awful Trump and Pence are the ticket..no more lies we are ready to see America Great Again!,10-05-2016 02:27:18,9385,30900,false,783493739486416896
Twitter for iPhone,Clinton‚Äôs Top Aides Were Mired In Conflict Of Interest At The State Department: https://t.co/wWfdaECtVu#VPDebate #BigLeagueTruth,10-05-2016 02:26:41,6598,16888,false,783493582803972096
Twitter for Android,"@FLifeforce: @_CFJ_ @vine That is a reason to NOT Vote for Hillary Clinton. Vote for Liberty! Vote for @realDonaldTrump",10-05-2016 02:23:01,6044,19044,false,783492660128419840
Twitter for iPhone,.@HillaryClinton‚Äôs Careless Use Of A Secret Server Put National Security At Risk: https://t.co/OiAEMnrGcy #VPDebate#BigLeagueTruth,10-05-2016 02:22:24,8888,22717,false,783492506319069184
Twitter for iPhone,CLINTON IS WEAK ON NORTH KOREA:https://t.co/8pRednmnFX #VPDebate,10-05-2016 02:19:54,6337,18588,false,783491875885813761
Twitter for iPhone,RT @TeamTrump: Obama-Clinton FAILED foreign policy:-Bad nuclear deal-Ransom payment to leading state sponsor of terror-Sharing classifie‚Ä¶,10-05-2016 02:17:30,6022,0,true,783491271088156672
Twitter for iPhone,RT @TeamTrump: .@HillaryClinton &amp; @timkaine think you're #Deplorables &amp; #BasementDwellers. @realDonaldTrump &amp; @mike_pence think you're PATR‚Ä¶,10-05-2016 02:17:20,7050,0,true,783491231913349120
Twitter for iPhone,CLINTON‚ÄôS CLOSE TIES TO PUTIN DESERVE SCRUTINY:https://t.co/wPYm5vQoyt #VPDebate,10-05-2016 02:16:15,10702,19967,false,783490959027732484
Twitter for iPhone,Sanctions Relief From Clinton-Obama Iran Nuclear Deal Likely Go to Terrorists:https://t.co/lM80JriF9k #BigLeagueTruth #VPDebate,10-05-2016 02:15:21,6228,15247,false,783490731964981248
Twitter for iPhone,.@timkaine is wrong for defense: https://t.co/QN9qqoq1kH #BigLeagueTruth #VPDebate,10-05-2016 02:13:40,5312,15217,false,783490308818337796
Twitter for iPhone,ICYMI: PENCE: I RAN A STATE THAT WORKED; KAINE RAN A STATE THAT FAILED. https://t.co/XuWaueNkH0,10-05-2016 02:12:23,8819,22875,false,783489985718517760
Twitter for iPhone,.@timkaine is the ANTI-DEFENSE SENATOR. #VPDebate #BigLeagueTruth https://t.co/qWkvGFARA1,10-05-2016 02:09:58,7067,15320,false,783489376651137025
Twitter for iPhone,RT @TeamTrump: We need STRONG BROAD-SHOULDERED leadership like @mike_pence &amp; @realDonaldTrump in the White House! #VPDebate #BigLeagueTrut‚Ä¶,10-05-2016 02:06:12,7031,0,true,783488429442994176
Twitter for iPhone,CLINTON‚ÄôS FLAILING SYRIA POLICY WAS JUDGED A FAILURE:https://t.co/ICZxn7Q3vZ #VPDebate,10-05-2016 02:05:58,6222,17300,false,783488370110451712
Twitter for iPhone,RT @GOP: In @timkaine's own words ‚¨áÔ∏è #Debates2016 https://t.co/PMngoKHUjA,10-05-2016 01:54:48,8305,0,true,783485558202916865
Twitter for iPhone,.@mike_pence and I will defeat #ISIS.https://t.co/oCIIDwtptV #VPDebate,10-05-2016 01:54:08,6092,21084,false,783485391084978176
Twitter for iPhone,WHAT THEY ARE SAYING ABOUT MIKE PENCE ‚ÄúDOMINATING‚Äù THE DEBATE:https://t.co/mUw9S5GgNM #VPDebate,10-05-2016 01:52:36,6835,21946,false,783485003795529728
Twitter for iPhone,I agree Mike - thank you to all of our law enforcement officers! #VPDebate "Police officers are the best of us..."@Mike_Pence,10-05-2016 01:50:48,11000,36902,false,783484550861037568
Twitter for iPhone,.@HillaryClinton Sneers At Millions Of Average Americans.https://t.co/gEfURjRCfu #VPDebate #BigLeagueTruth,10-05-2016 01:46:08,6261,17113,false,783483379966554114
Twitter for iPhone,RT @TeamTrump: ‚ÄúPolice officers are the BEST of us. Law enforcement in this country is a force for GOOD." - @mike_pence #VPDebate #BigLeagu‚Ä¶,10-05-2016 01:40:09,5910,0,true,783481871032123392
Twitter for Android,"@GeeVeeM: @realDonaldTrump @Susiesentinel Pence is so prepared! He did his homework to outperform Kaine.",10-05-2016 01:37:38,6683,27352,false,783481240108146688
Twitter for iPhone,RT @TeamTrump: Law enforcement officers bring communities together &amp; keep us safe. @mike_pence &amp; @realDonaldTrump RESPECT &amp; stand by them!‚Ä¶,10-05-2016 01:37:00,8593,0,true,783481080078749696
Twitter for iPhone,RT @seanspicer: .@timkaine wants to tough on crime - fails to talk about defending rapists and murders #VPDebate,10-05-2016 01:36:09,3597,0,true,783480864395055104
Twitter for iPhone,.@timkaine oversaw unemployment INCREASE by 179249 while @mike_pence DECREASED unemployment in Indiana by 113826.‚Ä¶ https://t.co/wFQM8kg287,10-05-2016 01:35:45,9869,21131,false,783480766231552000
Twitter for Android,"@aldonturnaolco1: @FrankLuntz @marthamaccallum @realDonaldTrump good!!",10-05-2016 01:35:25,1790,8440,false,783480681229799424
Twitter for Android,"@bcuzimdamomma: @FreeDavidKing No she only gets #Americans killed #Benghazi - we need @realDonaldTrump #MAGA",10-05-2016 01:35:06,3592,13308,false,783480600724328448
Twitter for Android,"@ifdanyt: @realDonaldTrump Loving @mike_pence he's so likeable and sensible. Kaine is just talking bull!,10-05-2016 01:34:46,4779,19393,false,783480517089828866
Twitter for Android,"@carol_lcnixon67: @realDonaldTrump Kaine says Hillary and he have plans. She could care less what Kaine thinks.",10-05-2016 01:33:50,4369,16954,false,783480283752390656
Twitter for Android,"@ARSenMissyIrvin: I want a "you're fired" president with people in Govt who are WASTING my tax $'s. @realDonaldTrump",10-05-2016 01:33:17,5123,17819,false,783480144614658048
Twitter for Android,.@mike_pence is doing a great job - so far no contest!,10-05-2016 01:30:39,10718,42786,false,783479483873583105
Twitter for Android,"@TeamTrump: .@mike_pence &amp; @realDonaldTrump are PROVEN job creators and are prepared to bring JOBS BACK to the American people!,10-05-2016 01:29:13,4676,16769,false,783479122555080704
Twitter for Android,"@Jnelson52722: @realDonaldTrump @Susiesentinel Kaine looks like an evil crook out of the Batman movies",10-05-2016 01:28:25,8965,28124,false,783478918087004160
Twitter for Android,"@elisac006: @nycmia @realDonaldTrump I agree. Kaine looks like a fool!!",10-05-2016 01:26:09,4863,19477,false,783478348848574465
Twitter for iPhone,RT @TeamTrump: .@timkaine has a pay-to-play problem just like Crooked @HillaryClinton #VPDebates #BigLeagueTruth https://t.co/SPOIn8AN8m,10-05-2016 01:24:38,9971,0,true,783477966906925056
Twitter for Android,"@bigdog_joey: @realDonaldTrump @timkaine is so angry. Our @mike_pence looks great. kaine can't defend all those lies #makeamericagreatagain,10-05-2016 01:22:08,5773,20249,false,783477336645566464
Twitter for iPhone,RT @mike_pence: There‚Äôs one clear choice in this election to create jobs and grow the American economy. #VPDebate https://t.co/cvv0cK6Fbt,10-05-2016 01:21:57,12631,0,true,783477292668375040
Twitter for iPhone,RT @joshrogin: Pence is right. Clinton &amp; Obama tried to negotiate an Iraq troop extension but failed. Bush admin always anticipated such an‚Ä¶,10-05-2016 01:21:25,5474,0,true,783477156647018496
Twitter for Android,"@Susiesentinel: #pence is so much more likeable than Kaine #cbsnews @realDonaldTrump",10-05-2016 01:16:00,5367,22298,false,783475795238858752
Twitter for Android,"@lainey34210: @realDonaldTrump Great opening Penceüíï",10-05-2016 01:15:22,3601,17250,false,783475635712765952
Twitter for Android,"@RoadkingL: @mike_pence Wow Kaine couldn't go 12 seconds without a lie. Marines and military are scared of the liar running. #bengazi",10-05-2016 01:12:45,6490,20669,false,783474976842059777
Twitter for iPhone,.@megynkelly- I am in Nevada. Sorry to inform you Kellyanne is in the audience. Better luck next time.,10-05-2016 01:06:02,3603,14060,false,783473285535150080
Twitter for Android,Both are looking good! Now we begin!,10-05-2016 01:05:53,2133,11146,false,783473247694102528
Twitter for Android,Here we go - Enjoy!,10-05-2016 01:01:12,4002,17172,false,783472068796911616
Twitter for Android,I will be live-tweeting the V.P. Debate. Very exciting! MAKE AMERICA GREAT AGAIN!,10-05-2016 00:18:38,5217,20153,false,783461358436089856
Twitter for Android,Wow @CNN is so negative. Their panel is a joke biased and very dumb. I'm turning to @FoxNews where we get a fair shake! Mike will do great,10-05-2016 00:12:59,8066,33537,false,783459936361512960
Twitter for Android,Wow did you just hear Bill Clinton's statement on how bad ObamaCare is. Hillary not happy. As I have been saying REPEAL AND REPLACE!,10-04-2016 23:55:55,11364,32866,false,783455640643514368
Twitter for iPhone,Join the MOVEMENT!https://t.co/3KWOl20zMm https://t.co/BS5JLelPJd,10-04-2016 23:44:28,5370,13538,false,783452759462850560
Twitter for iPhone,Thank you ARIZONA! This is a MOVEMENT like nobody has ever seen before. Together we are going to MAKE AMERICA SAFE‚Ä¶ https://t.co/EwP4hnaeoE,10-04-2016 22:38:18,6624,18728,false,783436108176629760
Twitter for iPhone,My childcare plan makes a difference for working families - more money more freedom. #AmericaFirst means‚Ä¶ https://t.co/X3Yn3FZphf,10-04-2016 19:48:15,9198,22836,false,783393314309484544
Twitter for iPhone,I will be watching the great Governor @Mike_Pence and live tweeting the VP debate tonight starting at 8:30pm est! Enjoy!,10-04-2016 19:40:44,7201,24813,false,783391423663964160
Twitter for iPhone,Join me in Reno Nevada tomorrow at 3:30pm! #AmericaFirst #MAGATickets: https://t.co/DJ7JJUkkz7,10-04-2016 19:36:19,3203,9421,false,783390310969651200
Twitter for iPhone,Join me in Reno Nevada on Wednesday at 3:30pm at the Reno-Sparks Convention Center! #MAGATickets:‚Ä¶ https://t.co/G0NvFLQWgS,10-04-2016 03:39:42,6603,15621,false,783149570721144832
Twitter for iPhone,Thank you Colorado! #MAGAhttps://t.co/3KWOl20zMmhttps://t.co/M7QhdCgRzw https://t.co/wIGNtKPA2X,10-04-2016 02:20:21,8955,22251,false,783129603363659776
Twitter for iPhone,We must bring the truth directly to hard-working Americans who want to take our country back. #BigLeagueTruth‚Ä¶ https://t.co/0iAeiPYEhO,10-03-2016 22:03:46,11533,25124,false,783065029172088832
Twitter for iPhone,Thank you Pueblo Colorado! #TrumpRally #AmericaFirsthttps://t.co/3KWOl20zMm https://t.co/rFAf7xYNhy,10-03-2016 21:41:35,6434,16025,false,783059449128759296
Twitter for iPhone,Join me in Henderson Nevada on Wednesday at 11:30am! #MAGA Tickets: https://t.co/pWTYv9BbUE,10-03-2016 14:10:52,5969,14787,false,782946021957599232
Twitter for Android,Just announced that Iraq (U.S.) is preparing for battle to reclaim Mosul. Why do they have to announce this? Makes mission much harder!,10-02-2016 23:45:40,13854,38012,false,782728287718150144
Twitter for iPhone,Melania and I extend our warmest greetings to those observing Rosh Hashanah here in the United States in Israel and around the world.,10-02-2016 21:59:07,12069,38384,false,782701472685420544
Twitter for iPhone,Bernie should pull his endorsement of Crooked Hillary after she decieved him and then attacked him and his supporters.,10-02-2016 21:48:21,16494,44246,false,782698760514207744
Twitter for Android,"@trumplican2016: .@realDonaldTrump  There will be MASSIVE turnout for you  Mr. Trump - These polls don't register the pulse of the PEOPLE!,10-02-2016 12:10:33,10290,27973,false,782553353242841088
Twitter for Android,I have created tens of thousands of jobs and will bring back great American prosperity. Hillary has only created jobs at the FBI and DOJ!,10-02-2016 11:35:00,19176,51117,false,782544407593619457
Twitter for Android,I know our complex tax laws better than anyone who has ever run for president and am the only one who can fix them. #failing@nytimes,10-02-2016 11:22:41,15421,41385,false,782541307168391168
Twitter for Android,Heading to Pennsylvania for a big rally tonight. We will MAKE AMERICA GREAT AGAIN!,10-01-2016 21:29:56,8929,30580,false,782331741369462784
Twitter for Android,Wow just saw the really bad @CNN ratings. People don't want to watch bad product that only builds up Crooked Hillary.,10-01-2016 21:25:52,10920,31493,false,782330717539803136
Twitter for Android,The so-called Commission on Presidential Debates admitted to us that the DJT audio &amp; sound level was very bad. So why didn't they fix it?,10-01-2016 20:47:45,10490,28700,false,782321125984436224
Twitter for Android,I won the debate if you decide without watching the totally one-sided "spin" that followed. This despite the really bad microphone.,10-01-2016 20:16:05,10657,36480,false,782313153308884992
Twitter for iPhone,Crooked H is nasty to Sanders supporters behind closed doors. Owned by Wall St and Politicians HRC is not with you. https://t.co/WN1lyCDXla,10-01-2016 17:01:31,16300,30793,false,782264189574377472
Twitter for iPhone,I believe in #AmericaFirst and that means FAMILY FIRST! My childcare plan reflects the needs of modern working-clas‚Ä¶ https://t.co/RCnZZtTk4c,10-01-2016 00:52:15,17291,40277,false,782020266771812352
Twitter for iPhone,Thank you Novi Michigan! Get out and VOTE #TrumpPence16 on 11/8. Together WE WILL MAKE AMERICA GREAT AGAIN!‚Ä¶ https://t.co/n7Gd6Xc18H,09-30-2016 23:01:50,10347,25323,false,781992481160323072